"","id","farmacias_stgo.local_nombre","farmacias_stgo.comuna_nombre","farmacias_stgo.local_lat","farmacias_stgo.local_lng"
"1",1,"AHUMADA","BUIN","-33.732","-70.735941"
"2",2,"BUIN","BUIN","-33.729515","-70.739232"
"3",3,"CRUZ VERDE ","BUIN","-33.733423","-70.737859"
"4",4,"EL ALBA","BUIN","-33.761703","-70.735348"
"5",5,"PLAZA BUIN","BUIN","-33.732228","-70.748244"
"6",6,"SALCOBRAND","BUIN","-33.730963","-70.774937"
"7",7,"CALERA DE TANGO","CALERA DE TANGO","-33.629789","-70.762771"
"8",8,"CRUZ VERDE","CALERA DE TANGO","-33.573438","-70.768774"
"9",9,"AHUMADA","CERRILLOS","-33.518821","-70.707453"
"10",10,"CRUZ VERDE","CERRILLOS","-33.515827","-70.71547"
"11",11,"LA FE","CERRILLOS","-33.504598","-70.71962"
"12",12,"VILLA MEXICO","CERRILLOS","-33.509773","-70.731929"
"13",13,"SALCOBRAND","CERRILLOS","-33.515049","-70.717181"
"14",14,"DAVIFAR","CERRO NAVIA","-33.429131","-70.726508"
"15",15,"LAS TORRES","CERRO NAVIA","-33.428999","-70.730842"
"16",16,"SANTO THOMAS","CERRO NAVIA","-33.429812","-70.740262"
"17",17,"SILVA ","CERRO NAVIA","-33.416828","-70.75024"
"18",18,"LA UNION ","CERRO NAVIA","-33.416666","-70.756012"
"19",19,"NEPTUNO","CERRO NAVIA","-33.430582","-70.720156"
"20",20,"AHUMADA","COLINA","-33.285167","-70.680634"
"21",21,"AHUMADA","COLINA","-33.276682","-70.628112"
"22",22,"AHUMADA","COLINA","-33.20679","-70.677604"
"23",23,"BELEN","COLINA","-33.201996","-70.673851"
"24",24,"CRUZ VERDE","COLINA","-33.204402","-70.676177"
"25",25,"CRUZ VERDE","COLINA","-33.206653","-70.67745"
"26",26,"NUEVA REAL","COLINA","-33.204546","-70.675481"
"27",27,"SAN MARTIN","COLINA","-33.204707","-70.675653"
"28",28,"SALCOBRAND","COLINA","-33.28584","-70.675528"
"29",29,"SALCOBRAND","COLINA","-33.286342","-70.675789"
"30",30,"AHUMADA","CONCHALI","-33.391512","-70.675618"
"31",31,"AHUMADA","CONCHALI","-33.371545","-70.671232"
"32",32,"BELEN","CONCHALI","-33.369164","-70.688358"
"33",33,"BELEN","CONCHALI","-33.396802","-70.670782"
"34",34,"BELEN","CONCHALI","-33.384673","-70.680374"
"35",35,"CRUZ VERDE","CONCHALI","-33.373601","-70.681658"
"36",36,"CRUZ VERDE","CONCHALI","-33.395801","-70.671745"
"37",37,"CRUZ VERDE ","CONCHALI","-33.384684","-70.680084"
"38",38,"CRUZ VERDE","CURACAVI","-33.402767","-71.129139"
"39",39,"CURACAVI","CURACAVI","-33.40257","-71.129915"
"40",40,"EL SOL","CURACAVI","-33.404934","-71.135298"
"41",41,"AHUMADA","EL BOSQUE","-33.54579","-70.667759"
"42",42,"ALAMEDA","EL BOSQUE","-33.561121","-70.670763"
"43",43,"BELEN","EL BOSQUE","-33.58241","-70.676809"
"44",44,"BELEN","EL BOSQUE","-33.582698","-70.676898"
"45",45,"SALUD/CANAIMA","EL BOSQUE","-33.55352","-70.660676"
"46",46,"CRUZ VERDE","EL BOSQUE","-33.55402","-70.675009"
"47",47,"CRUZ VERDE","EL BOSQUE","-33.55014","-70.671941"
"48",48,"CRUZ VERDE ","EL BOSQUE","-33.574529","-70.690897"
"49",49,"LOS MAQUIS","EL BOSQUE","-33.561361","-70.663524"
"50",50,"SALCOBRAND","EL BOSQUE","-33.545401","-70.668164"
"51",51,"AHUMADA","ESTACION CENTRAL","-33.457041","-70.70509"
"52",52,"AHUMADA","ESTACION CENTRAL","-33.452695","-70.69151"
"53",53,"BELGO CHILENA","ESTACION CENTRAL","-33.453930","-70.687752"
"54",54,"CARRERA","ESTACION CENTRAL","-33.471008","-70.692411"
"55",55,"CRUZ VERDE","ESTACION CENTRAL","-33.451139","-70.679883"
"56",56,"CRUZ VERDE","ESTACION CENTRAL","-33.453339","-70.687819"
"57",57,"CRUZ VERDE","ESTACION CENTRAL","-33.467564","-70.729965"
"58",58,"CRUZ VERDE","ESTACION CENTRAL","-33.453006","-70.680365"
"59",59,"DEL DR. SIMI ","ESTACION CENTRAL","-33.454199","-70.692347"
"60",60,"ELENA","ESTACION CENTRAL","-33.465727","-70.708569"
"61",61,"PURA SALUD","ESTACION CENTRAL","-33.461825","-70.698417"
"62",62,"SALCOBRAND","ESTACION CENTRAL","-33.450755","-70.679185"
"63",63,"SALCOBRAND","ESTACION CENTRAL","-33.451979","-70.682283"
"64",64,"SALCOBRAND","ESTACION CENTRAL","-33.453151","-70.687245"
"65",65,"SALCOBRAND","ESTACION CENTRAL","-33.453167","-70.68039"
"66",66,"SALCOBRAND","ESTACION CENTRAL","-33.451101","-70.679644"
"67",67,"SALCOBRAND","HUECHURABA","-33.368062","-70.678301"
"68",68,"SALCOBRAND","HUECHURABA","-33.368062","-70.678301"
"69",69,"AHUMADA","HUECHURABA","-33.368062","-70.678301"
"70",70,"AHUMADA ","HUECHURABA","-33.351179","-70.670396"
"71",71,"CRUZ VERDE","HUECHURABA","-33.36799","-70.678378"
"72",72,"CRUZ VERDE","HUECHURABA","-33.347738","-70.670353"
"73",73,"FARMAVIDA ","HUECHURABA","-33.376326","-70.637787"
"74",74,"SALCOBRAND","HUECHURABA","-33.348222","-70.670417"
"75",75,"MEDDICA","INDEPENDENCIA","-33.41751","-70.656496"
"76",76,"CRUZ VERDE","INDEPENDENCIA","-33.406802","-70.660646"
"77",77,"CRUZ VERDE","INDEPENDENCIA","-33.419606","-70.663331"
"78",78,"CRUZ VERDE ","INDEPENDENCIA","-33.420034","-70.655933"
"79",79,"MAESTRE","INDEPENDENCIA","-33.414275","-70.678147"
"80",80,"NOVOA","INDEPENDENCIA","-33.408777","-70.671801"
"81",81,"SANTA LAURA","INDEPENDENCIA","-33.405615","-70.660912"
"82",82,"VALLE DE VIDA","INDEPENDENCIA","-33.407093","-70.660249"
"83",83,"ECUANASER","ISLA DE MAIPO","-33.745037","-70.864777"
"84",84,"ECUANASER","ISLA DE MAIPO","-33.754429","-70.900940"
"85",85,"FARMAMARKET","ISLA DE MAIPO","-33.756367","-70.896568"
"86",86,"SALCOBRAND","LA CISTERNA","-33.538005","-70.664369"
"87",87,"AHUMADA","LA CISTERNA","-33.538335","-70.663864"
"88",88,"AHUMADA","LA CISTERNA","-33.52358","-70.660504"
"89",89,"BELEN","LA CISTERNA","-33.5358487","-70.66409249999998"
"90",90,"CRUZ VERDE","LA CISTERNA","-33.538403","-70.664446"
"91",91,"DEL DR. SIMI ","LA CISTERNA","-33.5378","-70.663723"
"92",92,"DEL DR. SIMI ","LA CISTERNA","-33.527418","-70.661756"
"93",93,"MARTINEZ  ACUÑA","LA CISTERNA","-33.54348","-70.666708"
"94",94,"SALCOBRAND","LA CISTERNA","-33.518528","-70.659275"
"95",95,"MANRIQUEZ","LA CISTERNA","-33.523955","-70.660611"
"96",96,"SALCOBRAND","LA CISTERNA","-33.538229","-70.664881"
"97",97,"AHUMADA","LA FLORIDA","-33.511522","-70.590659"
"98",98,"AHUMADA","LA FLORIDA","-33.51988985915592","-70.59560333596801"
"99",99,"AHUMADA","LA FLORIDA","-33.516006","-70.5976"
"100",100,"AHUMADA","LA FLORIDA","-33.543243","-70.570288"
"101",101,"AHUMADA","LA FLORIDA","-33.535917","-70.555482"
"102",102,"AHUMADA","LA FLORIDA","-33.545723","-70.569232"
"103",103,"AHUMADA","LA FLORIDA","-33.510377","-70.608662"
"104",104,"AHUMADA","LA FLORIDA","-33.511162","-70.608098"
"105",105,"AHUMADA","LA FLORIDA","-33.515655","-70.606581"
"106",106,"AHUMADA","LA FLORIDA","-33.535135","-70.593341"
"107",107,"AHUMADA","LA FLORIDA","-33.543827","-70.58935"
"108",108,"AHUMADA","LA FLORIDA","-33.519608","-70.602804"
"109",109,"AHUMADA","LA FLORIDA","-33.522524","-70.579158"
"110",110,"BELEN","LA FLORIDA","-33.522497","-70.574622"
"111",111,"C.A.","LA FLORIDA","-33.539579","-70.603521"
"112",112,"CRUZ VERDE","LA FLORIDA","-33.522077","-70.597461"
"113",113,"CRUZ VERDE","LA FLORIDA","-33.539606","-70.583173"
"114",114,"CRUZ VERDE","LA FLORIDA","-33.539997","-70.571672"
"115",115,"CRUZ VERDE","LA FLORIDA","-33.55396","-70.602718"
"116",116,"CRUZ VERDE","LA FLORIDA","-33.534741","-70.554336"
"117",117,"CRUZ VERDE","LA FLORIDA","-33.526927","-70.596404"
"118",118,"CRUZ VERDE","LA FLORIDA","-33.553512","-70.586767"
"119",119,"CRUZ VERDE","LA FLORIDA","-33.510715","-70.608632"
"120",120,"CRUZ VERDE","LA FLORIDA","-33.51926","-70.600275"
"121",121,"CRUZ VERDE","LA FLORIDA","-33.51926","-70.600275"
"122",122,"CRUZ VERDE","LA FLORIDA","-33.546543","-70.588089"
"123",123,"CRUZ VERDE","LA FLORIDA","-33.510449","-70.608448"
"124",124,"CRUZ VERDE","LA FLORIDA","-33.522345","-70.579265"
"125",125,"DEL DR. SIMI ","LA FLORIDA","-33.521946","-70.579651"
"126",126,"FARMA SUR","LA FLORIDA","-33.560976","-70.610744"
"127",127,"JUMBO","LA FLORIDA","-33.511162","-70.608098"
"128",128,"REDFARMA","LA FLORIDA","-33.518724","-70.600416"
"129",129,"REY FARMA","LA FLORIDA","-33.557606","-70.59041"
"130",130,"ROSARIO","LA FLORIDA","-33.535457","-70.603641"
"131",131,"ROTONDA  LA FLORIDA","LA FLORIDA","-33.520682","-70.600015"
"132",132,"SU FARMA","LA FLORIDA","-33.559242","-70.55976"
"133",133,"SALCOBRAND","LA FLORIDA","-33.547833","-70.568365"
"134",134,"SALCOBRAND","LA FLORIDA","-33.535564","-70.573944"
"135",135,"SALCOBRAND","LA FLORIDA","-33.560726","-70.585402"
"136",136,"SALCOBRAND","LA FLORIDA","-33.510688","-70.608514"
"137",137,"SALCOBRAND","LA FLORIDA","-33.514212","-70.608076"
"138",138,"SALCOBRAND","LA FLORIDA","-33.539481","-70.59156"
"139",139,"CRUZ VERDE","LA GRANJA","-33.550386","-70.617838"
"140",140,"LOS PALTOS","LA GRANJA","-33.549518","-70.625259"
"141",141,"LOS PALTOS","LA GRANJA","-33.555958","-70.623943"
"142",142,"ESPOZ","LA GRANJA","-33.541513","-70.634116"
"143",143,"CORDILLERA","LA PINTANA","-33.556595","-70.645634"
"144",144,"CRUZ VERDE","LA PINTANA","-33.605702","-70.626815"
"145",145,"FARMA SUR","LA PINTANA","-33.581962","-70.657895"
"146",146,"SUR ","LA PINTANA","-33.556434","-70.645119"
"147",147,"SALCOBRAND","LA PINTANA","-33.582752","-70.631836"
"148",148,"AHUMADA","LA REINA","-33.428451","-70.540534"
"149",149,"AHUMADA","LA REINA","-33.462165","-70.547272"
"150",150,"AHUMADA ","LA REINA","-33.430313","-70.555769"
"151",151,"AHUMADA ","LA REINA","-33.438801","-70.557014"
"152",152,"AHUMADA ","LA REINA","-33.452498","-70.561026"
"153",153,"LA REINA","LA REINA","-33.451793","-70.555594"
"154",154,"SALCOBRAND","LA REINA","-33.438685","-70.560922"
"155",155,"SALCOBRAND","LA REINA","-33.441254","-70.535856"
"156",156,"AHUMADA ","LA REINA","-33.44052","-70.543281"
"157",157,"CRUZ VERDE","LA REINA","-33.441344","-70.536114"
"158",158,"CRUZ VERDE ","LO BARNECHEA","-33.356144","-70.51721"
"159",159,"SALCOBRAND","LA REINA","-33.452677","-70.56197"
"160",160,"SALCOBRAND ","LA REINA","-33.438908","-70.557142"
"161",161,"SALCOBRAND","LA REINA","-33.441182","-70.543302"
"162",162,"BELEN","LAMPA","-33.231773","-70.807404"
"163",163,"BELEN","LAMPA","-33.287867","-70.871476"
"164",164,"LETICIA","LAMPA","-33.284891","-70.877341"
"165",165,"SU FARMACIA S.A.","LAMPA","-33.294326","-70.867519"
"166",166,"SALCOBRAND ","LAMPA","-33.324002","-70.745991"
"167",167,"SALCOBRAND","LAS CONDES","-33.425986","-70.577036"
"168",168,"SALCOBRAND","LAS CONDES","-33.416492","-70.595146"
"169",169,"SALCOBRAND","LAS CONDES","-33.41278","-70.581016"
"170",170,"SALCOBRAND","LAS CONDES","-33.410738","-70.573879"
"171",171,"SALCOBRAND","LAS CONDES","-33.409386","-70.569378"
"172",172,"SALCOBRAND","LAS CONDES","-33.423788","-70.580627"
"173",173,"SALCOBRAND","LAS CONDES","-33.416613","-70.565058"
"174",174,"SALCOBRAND","LAS CONDES","-33.418207","-70.552336"
"175",175,"SALCOBRAND","LAS CONDES","-33.416469","-70.554331"
"176",176,"AHUMADA","LAS CONDES","-33.384242","-70.533968"
"177",177,"AHUMADA","LAS CONDES","-33.395619","-70.549053"
"178",178,"AHUMADA","LAS CONDES","-33.401531","-70.56049"
"179",179,"AHUMADA","LAS CONDES","-33.386052","-70.531178"
"180",180,"AHUMADA","LAS CONDES","-33.424932","-70.550758"
"181",181,"AHUMADA","LAS CONDES","-33.400958","-70.514375"
"182",182,"AHUMADA","LAS CONDES","-33.401253","-70.517153"
"183",183,"AHUMADA","LAS CONDES","-33.401145","-70.514333"
"184",184,"AHUMADA ","LAS CONDES","-33.41878","-70.572098"
"185",185,"AHUMADA ","LAS CONDES","-33.376502","-70.525642"
"186",186,"CRUZ VERDE","LAS CONDES","-33.423851","-70.578522"
"187",187,"CRUZ VERDE","LAS CONDES","-33.416089","-70.593258"
"188",188,"CRUZ VERDE","LAS CONDES","-33.409177","-70.567914"
"189",189,"CRUZ VERDE","LAS CONDES","-33.408266","-70.553483"
"190",190,"CRUZ VERDE","LAS CONDES","-33.401262","-70.523223"
"191",191,"CRUZ VERDE","LAS CONDES","-33.41668","-70.564999"
"192",192,"CRUZ VERDE","LAS CONDES","-33.43126","-70.578745"
"193",193,"CRUZ VERDE","LAS CONDES","-33.428769","-70.540587"
"194",194,"CRUZ VERDE","LAS CONDES","-33.384402","-70.529446"
"195",195,"CRUZ VERDE","LAS CONDES","-33.417584","-70.552786"
"196",196,"CRUZ VERDE","LAS CONDES","-33.401473","-70.560305"
"197",197,"CRUZ VERDE","LAS CONDES","-33.401871","-70.580534"
"198",198,"CRUZ VERDE","LAS CONDES","-33.388784","-70.545276"
"199",199,"CRUZ VERDE","LAS CONDES","-33.388784","-70.545276"
"200",200,"CRUZ VERDE","LAS CONDES","-33.388793","-70.545233"
"201",201,"DEL DR. SIMI ","LAS CONDES","-33.413942","-70.583546"
"202",202,"LA DEHESA","LO BARNECHEA","-33.351513","-70.510453"
"203",203,"SALCOBRAND","LAS CONDES","-33.423777","-70.538633"
"204",204,"SALCOBRAND","LAS CONDES","-33.431271","-70.578737"
"205",205,"SALCOBRAND","LAS CONDES","-33.428728","-70.540595"
"206",206,"SALCOBRAND","LAS CONDES","-33.390101","-70.49899"
"207",207,"SALCOBRAND","LAS CONDES","-33.373666","-70.519669"
"208",208,"SALCOBRAND","LAS CONDES","-33.367972","-70.500964"
"209",209,"SALCOBRAND","LAS CONDES","-33.398228","-70.551397"
"210",210,"SALCOBRAND","LAS CONDES","-33.392287","-70.514933"
"211",211,"SALCOBRAND","LAS CONDES","-33.405257","-70.568665"
"212",212,"SALCOBRAND","LAS CONDES","-33.40377","-70.569"
"213",213,"SALCOBRAND","LAS CONDES","-33.4245","-70.592566"
"214",214,"SALCOBRAND","LAS CONDES","-33.41604","-70.539075"
"215",215,"SALCOBRAND","LAS CONDES","-33.409332","-70.544350"
"216",216,"SALCOBRAND","LAS CONDES","-33.38882","-70.545284"
"217",217,"SALCOBRAND","LAS CONDES","-33.408472","-70.551813"
"218",218,"SALCOBRAND ","LAS CONDES","-33.394043","-70.545963"
"219",219,"SALCOBRAND","LO BARNECHEA","-33.358348","-70.517145"
"220",220,"AHUMADA","LO BARNECHEA","-33.344178","-70.544609"
"221",221,"AHUMADA","LO BARNECHEA","-33.353025","-70.520621"
"222",222,"AHUMADA","LO BARNECHEA","-33.362883","-70.514956"
"223",223,"CRUZ VERDE","LO BARNECHEA","-33.355517","-70.537916"
"224",224,"CRUZ VERDE","LO BARNECHEA","-33.358008","-70.517016"
"225",225,"VITA","LO BARNECHEA","-33.357631","-70.506598"
"226",226,"SALCOBRAND","LO BARNECHEA","-33.35221","-70.518806"
"227",227,"SALCOBRAND","LO BARNECHEA","-33.351484","-70.510665"
"228",228,"SALCOBRAND","LO BARNECHEA","-33.355194","-70.532187"
"229",229,"FARMAR","LO ESPEJO","-33.506327","-70.69199"
"230",230,"LA FE","LO ESPEJO","-33.519716","-70.69593"
"231",231,"L-V","LO ESPEJO","-33.508946","-70.686296"
"232",232,"AHUMADA","LO PRADO","-33.444907","-70.723416"
"233",233,"CRUZ VERDE","LO PRADO","-33.457708","-70.711831"
"234",234,"CRUZ VERDE","LO PRADO","-33.456902","-70.705629"
"235",235,"LAS ROSAS ","LO PRADO","-33.45717","-70.705887"
"236",236,"SALCOBRAND","LO PRADO","-33.457153","-70.706123"
"237",237,"SALCOBRAND","LO PRADO","-33.444083","-70.722624"
"238",238,"SALCOBRAND","MACUL","-33.485628","-70.599306"
"239",239,"AHUMADA","MACUL","-33.474337","-70.598792"
"240",240,"AHUMADA","MACUL","-33.477933","-70.599040"
"241",241,"AHUMADA","MACUL","-33.491661","-70.617414"
"242",242,"CRUZ VERDE","MACUL","-33.480686","-70.599312"
"243",243,"CRUZ VERDE","MACUL","-33.491518","-70.599723"
"244",244,"DEL DR. SIMI ","MACUL","-33.485057","-70.599336"
"245",245,"SALCOBRAND","MAIPU","-33.510502","-70.757643"
"246",246,"SALCOBRAND","MAIPU","-33.481847","-70.753649"
"247",247,"SALCOBRAND","MAIPU","-33.481149","-70.754035"
"248",248,"SALCOBRAND","MAIPU","-33.542137","-70.771024"
"249",249,"AHUMADA","MAIPU","-33.560708","-70.780705"
"250",250,"AHUMADA","MAIPU","-33.481847","-70.753649"
"251",251,"AHUMADA","MAIPU","-33.510738","-70.757381"
"252",252,"AHUMADA","MAIPU","-33.50288","-70.757278"
"253",253,"AHUMADA","MAIPU","-33.481442","-70.745228"
"254",254,"AHUMADA","MAIPU","-33.506046","-70.757480"
"255",255,"AHUMADA ","MAIPU","-33.531558","-70.775088"
"256",256,"ALMENDRA","MAIPU","-33.489442","-70.774272"
"257",257,"BELEN","MAIPU","-33.507479","-70.784079"
"258",258,"BELEN","MAIPU","-33.488435","-70.742558"
"259",259,"APOTHEKE","MAIPU","-33.51232","-70.775493"
"260",260,"CRUZ VERDE","MAIPU","-33.559993","-70.7844"
"261",261,"CRUZ VERDE","MAIPU","-33.531915","-70.775603"
"262",262,"CRUZ VERDE","MAIPU","-33.481847","-70.753649"
"263",263,"CRUZ VERDE","MAIPU","-33.480565","-70.754106"
"264",264,"CRUZ VERDE","MAIPU","-33.471974","-70.759642"
"265",265,"CRUZ VERDE","MAIPU","-33.513669","-70.826522"
"266",266,"CRUZ VERDE","MAIPU","-33.496314","-70.757549"
"267",267,"CRUZ VERDE","MAIPU","-33.506799","-70.757471"
"268",268,"CRUZ VERDE","MAIPU","-33.554432","-70.795816"
"269",269,"CRUZ VERDE","LA REINA","-33.4398441","-70.55565960000001"
"270",270,"DEL PARQUE","MAIPU","-33.558795","-70.789529"
"271",271,"ECONOFARMA","MAIPU","-33.489639","-70.766376"
"272",272,"EXPRESS","MAIPU","-33.528159","-70.767318"
"273",273,"MEBAL","MAIPU","-33.510064","-70.775509"
"274",274,"MEVIC","MAIPU","-33.52235","-70.796797"
"275",275,"MEVIC","MAIPU","-33.542754","-70.777843"
"276",276,"VIDA SALUD","MAIPU","-33.513329","-70.756999"
"277",277,"SU FARMACIA ","MAIPU","-33.501216","-70.741035"
"278",278,"NETFARMA","MAIPU","-33.495531","-70.736547"
"279",279,"AHUMADA","MELIPILLA","-33.68064","-71.208747"
"280",280,"CRUZ VERDE","MELIPILLA","-33.686111","-71.214668"
"281",281,"CRUZ VERDE","MELIPILLA","-33.684917","-71.213814"
"282",282,"EKONOFARMA ","MELIPILLA","-33.685574","-71.215179"
"283",283,"REDONDO","MELIPILLA","-33.690830","-71.215614"
"284",284,"SERRANO ","MELIPILLA","-33.691460","-71.215843"
"285",285,"SALCOBRAND","MELIPILLA","-33.686211","-71.213768"
"286",286,"SALCOBRAND ","MELIPILLA","-33.686588","-71.215347"
"287",287,"AHUMADA","ÑUÑOA","-33.450135","-70.621558"
"288",288,"AHUMADA","ÑUÑOA","-33.465888","-70.588277"
"289",289,"SALCOBRAND","ÑUÑOA","-33.446473","-70.611272"
"290",290,"SALCOBRAND","ÑUÑOA","-33.455188","-70.609099"
"291",291,"SALCOBRAND","ÑUÑOA","-33.449477","-70.597856"
"292",292,"SALCOBRAND","ÑUÑOA","-33.455452","-70.586945"
"293",293,"SALCOBRAND","ÑUÑOA","-33.456271","-70.613901"
"294",294,"SALCOBRAND","ÑUÑOA","-33.464984","-70.598226"
"295",295,"AHUMADA","ÑUÑOA","-33.455027","-70.60908"
"296",296,"AHUMADA","ÑUÑOA","-33.455309","-70.627108"
"297",297,"AHUMADA","ÑUÑOA","-33.454507","-70.600608"
"298",298,"AHUMADA","ÑUÑOA","-33.445605","-70.606138"
"299",299,"AHUMADA","ÑUÑOA","-33.448273","-70.580555"
"300",300,"AHUMADA","ÑUÑOA","-33.447789","-70.597547"
"301",301,"CRUZ VERDE","ÑUÑOA","-33.448329","-70.610647"
"302",302,"CRUZ VERDE","ÑUÑOA","-33.448564","-70.580705"
"303",303,"CRUZ VERDE","ÑUÑOA","-33.455765","-70.626106"
"304",304,"CRUZ VERDE","ÑUÑOA","-33.453053","-70.615452"
"305",305,"CRUZ VERDE","ÑUÑOA","-33.454342","-70.602297"
"306",306,"CRUZ VERDE","ÑUÑOA","-33.455219","-70.593017"
"307",307,"CRUZ VERDE","ÑUÑOA","-33.454494","-70.579021"
"308",308,"CRUZ VERDE","ÑUÑOA","-33.465302","-70.598239"
"309",309,"CRUZ VERDE","ÑUÑOA","-33.45816","-70.598017"
"310",310,"CRUZ VERDE","ÑUÑOA","-33.442758","-70.572611"
"311",311,"CRUZ VERDE","ÑUÑOA","-33.445565","-70.606112"
"312",312,"CRUZ VERDE","ÑUÑOA","-33.455649","-70.605221"
"313",313,"CRUZ VERDE","ÑUÑOA","-33.434033","-70.582342"
"314",314,"INSTITUCIONAL","ÑUÑOA","-33.453256","-70.591758"
"315",315,"REDOXX","ÑUÑOA","-33.462935","-70.620185"
"316",316,"SALCOBRAND","ÑUÑOA","-33.454772","-70.627526"
"317",317,"SANTA  GEMITA","ÑUÑOA","-33.454762","-70.599854"
"318",318,"SALCOBRAND","ÑUÑOA","-33.448165","-70.600672"
"319",319,"SAN JUAN ","PADRE HURTADO","-33.569701","-70.815772"
"320",320,"FARMAMARKET","PADRE HURTADO","-33.568003","-70.808887"
"321",321,"CRUZ VERDE","PAINE","-33.813498","-70.743019"
"322",322,"PLAZA PAINE","PAINE","-33.809498","-70.738717"
"323",323,"CRUZ VERDE","PEDRO AGUIRRE CERDA","-33.478816","-70.663113"
"324",324,"CRUZ VERDE","PEDRO AGUIRRE CERDA","-33.502505","-70.667851"
"325",325,"IDAHUE","PEDRO AGUIRRE CERDA","-33.478489","-70.672005"
"326",326,"LA BOTIKA","PEDRO AGUIRRE CERDA","-33.502397","-70.690115"
"327",327,"FARMA-MARKET","PEÑAFLOR","-33.610554","-70.873439"
"328",328,"AHUMADA","PEÑAFLOR","-33.607203","-70.899843"
"329",329,"CRUZ VERDE","PEÑAFLOR","-33.606915","-70.854744"
"330",330,"CRUZ VERDE","PEÑAFLOR","-33.61071","-70.880887"
"331",331,"CRUZ VERDE ","PEÑAFLOR","-33.60872","-70.900199"
"332",332,"CRUZ VERDE ","PEÑAFLOR","-33.607217","-70.899797"
"333",333,"MALLOCO","PEÑAFLOR","-33.604735","-70.852638"
"334",334,"SAN JUAN","PEÑAFLOR","-33.609133","-70.900701"
"335",335,"SALCOBRAND","PEÑALOLEN","-33.479232","-70.545225"
"336",336,"SALCOBRAND","PEÑALOLEN","-33.468936","-70.575921"
"337",337,"SALCOBRAND","PEÑALOLEN","-33.486668","-70.579823"
"338",338,"AHUMADA","PEÑALOLEN","-33.484731","-70.579397"
"339",339,"AHUMADA","PEÑALOLEN","-33.487957","-70.54916"
"340",340,"AHUMADA","PEÑALOLEN","-33.486444","-70.557757"
"341",341,"AHUMADA ","PEÑALOLEN","-33.484198","-70.558365"
"342",342,"BELEN","PEÑALOLEN","-33.506258","-70.579184"
"343",343,"CRUZ VERDE","PEÑALOLEN","-33.485825","-70.579606"
"344",344,"CRUZ VERDE","PEÑALOLEN","-33.475988","-70.54338"
"345",345,"CRUZ VERDE","PEÑALOLEN","-33.4864","-70.557735"
"346",346,"CRUZ VERDE","PEÑALOLEN","-33.486668","-70.579823"
"347",347,"CRUZ VERDE","PEÑALOLEN","-33.472261","-70.55461"
"348",348,"CRUZ VERDE","PEÑALOLEN","-33.483805","-70.547014"
"349",349,"DEL DR. SIMI ","PEÑALOLEN","-33.4714531","-70.54151389999998"
"350",350,"DEL DR. SIMI ","PEÑALOLEN","-33.469629","-70.574566"
"351",351,"DEL DR. SIMI ","PEÑALOLEN","-33.502822","-70.561093"
"352",352,"EL VALLE","PEÑALOLEN","-33.476053","-70.573552"
"353",353,"MEDDICA","PEÑALOLEN","-33.472427","-70.538437"
"354",354,"GENNETIKA","PEÑALOLEN","-33.472340","-70.538712"
"355",355,"GALLARDO","PEÑALOLEN","-33.477724","-70.572401"
"356",356,"LA BOTIKA","PEÑALOLEN","-33.507497","-70.568472"
"357",357,"SALCOBRAND","PEÑALOLEN","-33.487541","-70.558636"
"358",358,"SALCOBRAND ","PEÑALOLEN","-33.489299","-70.549871"
"359",359,"SALCOBRAND","PIRQUE","-33.634483","-70.570314"
"360",360,"SALCOBRAND","PROVIDENCIA","-33.429187","-70.61886"
"361",361,"SALCOBRAND","PROVIDENCIA","-33.417618","-70.608246"
"362",362,"SALCOBRAND","PROVIDENCIA","-33.430206","-70.60277"
"363",363,"SALCOBRAND","PROVIDENCIA","-33.438335","-70.615679"
"364",364,"AHUMADA","PROVIDENCIA","-33.417669","-70.608276"
"365",365,"AHUMADA","PROVIDENCIA","-33.436607","-70.599068"
"366",366,"AHUMADA","PROVIDENCIA","-33.431701","-70.583823"
"367",367,"AHUMADA","PROVIDENCIA","-33.429951","-70.602705"
"368",368,"AHUMADA","PROVIDENCIA","-33.43953833448415","-70.60791102645874"
"369",369,"AHUMADA","PROVIDENCIA","-33.422532","-70.611052"
"370",370,"AHUMADA","PROVIDENCIA","-33.440999","-70.630386"
"371",371,"CARMEN","PROVIDENCIA","-33.439826","-70.624619"
"372",372,"CRUZ VERDE","PROVIDENCIA","-33.417669","-70.608274"
"373",373,"CRUZ VERDE","PROVIDENCIA","-33.431983","-70.62928"
"374",374,"CRUZ VERDE","PROVIDENCIA","-33.433335","-70.617624"
"375",375,"CRUZ VERDE","PROVIDENCIA","-33.437794","-70.604202"
"376",376,"CRUZ VERDE","PROVIDENCIA","-33.422469","-70.609555"
"377",377,"CRUZ VERDE","PROVIDENCIA","-33.445095","-70.619839"
"378",378,"LIDO","PROVIDENCIA","-33.42803","-70.593875"
"379",379,"ROESAR","PROVIDENCIA","-33.432565","-70.635905"
"380",380,"SALCOBRAND","PROVIDENCIA","-33.426402","-70.615652"
"381",381,"SALCOBRAND","PROVIDENCIA","-33.42306","-70.611816"
"382",382,"SALCOBRAND","PROVIDENCIA","-33.437816","-70.603767"
"383",383,"FARMA UNO","PUDAHUEL","-33.432032","-70.752579"
"384",384,"AHUMADA","PUDAHUEL","-33.449343","-70.848439"
"385",385,"AHUMADA","PUDAHUEL","-33.467965","-70.731704"
"386",386,"AHUMADA","PUDAHUEL","-33.454986","-70.738717"
"387",387,"AHUMADA","PUDAHUEL","-33.457511","-70.823418"
"388",388,"BELEN","PUDAHUEL","-33.462165","-70.737344"
"389",389,"CRUZ VERDE","PUDAHUEL","-33.396873","-70.791846"
"390",390,"CRUZ VERDE","PUDAHUEL","-33.453321","-70.763032"
"391",391,"EMIFAR","PUDAHUEL","-33.436491","-70.750583"
"392",392,"LAISA","PUDAHUEL","-33.459909","-70.761441"
"393",393,"FARMA OFERTA","PUDAHUEL","-33.439105","-70.758029"
"394",394,"CRUZ VERDE ","PUDAHUEL","-33.444607","-70.740637"
"395",395,"SAN PIO","PUDAHUEL","-33.437548","-70.77114"
"396",396,"TIERRA DEL FUEGO ","PUDAHUEL","-33.43214","-70.750476"
"397",397,"TORRES","PUDAHUEL","-33.460071","-70.751806"
"398",398,"LAS PRINCESAS","PUDAHUEL","-33.44197","-70.763715"
"399",399,"SALCOBRAND","PUENTE ALTO","-33.557954","-70.559352"
"400",400,"SALCOBRAND","PUENTE ALTO","-33.568989","-70.554782"
"401",401,"SALCOBRAND","PUENTE ALTO","-33.569053","-70.554921"
"402",402,"SALCOBRAND","PUENTE ALTO","-33.572973","-70.582806"
"403",403,"LA BOTIKA","PUENTE ALTO","-33.582367","-70.601532"
"404",404,"LOS TOROS","PUENTE ALTO","-33.567925","-70.570904"
"405",405,"AHUMADA","PUENTE ALTO","-33.598678","-70.577779"
"406",406,"AHUMADA","PUENTE ALTO","-33.598678","-70.577779"
"407",407,"AHUMADA","PUENTE ALTO","-33.612042","-70.575437"
"408",408,"AHUMADA","PUENTE ALTO","-33.566537","-70.556883"
"409",409,"ANGEL","PUENTE ALTO","-33.618122","-70.574144"
"410",410,"ARES","PUENTE ALTO","-33.568443","-70.583565"
"411",411,"CARMEN","PUENTE ALTO","-33.609991","-70.551392"
"412",412,"CATALINA","PUENTE ALTO","-33.576334","-70.566777"
"413",413,"CRUZ VERDE","PUENTE ALTO","-33.571355","-70.555026"
"414",414,"CRUZ VERDE","PUENTE ALTO","-33.569029","-70.554929"
"415",415,"CRUZ VERDE","PUENTE ALTO","-33.609906","-70.575866"
"416",416,"CRUZ VERDE","PUENTE ALTO","-33.572383","-70.583299"
"417",417,"CRUZ VERDE","PUENTE ALTO","-33.569366","-70.583538"
"418",418,"CRUZ VERDE","PUENTE ALTO","-33.608347","-70.576046"
"419",419,"CRUZ VERDE","PUENTE ALTO","-33.559537","-70.551508"
"420",420,"CRUZ VERDE","PUENTE ALTO","-33.609517","-70.575524"
"421",421,"CRUZ VERDE","PUENTE ALTO","-33.581626","-70.568794"
"422",422,"CRUZ VERDE","PUENTE ALTO","-33.611657","-70.577084"
"423",423,"J M","PUENTE ALTO","-33.608356","-70.528214"
"424",424,"DEL DR. SIMI ","PUENTE ALTO","-33.574457","-70.555361"
"425",425,"FULLFARMA","PUENTE ALTO","-33.589942","-70.58568"
"426",426,"SALUD FARMA","PUENTE ALTO","-33.580998","-70.58118"
"427",427,"LOS PALTOS","PUENTE ALTO","-33.582317","-70.60102080000001"
"428",428,"MEDDICA","PUENTE ALTO","-33.594228","-70.559138"
"429",429,"PATRICIO","PUENTE ALTO","-33.611894","-70.551872"
"430",430,"PATRICIO ","PUENTE ALTO","-33.625231","-70.609237"
"431",431,"DONDE'L LORITO","PUENTE ALTO","-33.582199","-70.606087"
"432",432,"SALCOBRAND","PUENTE ALTO","-33.609616","-70.575918"
"433",433,"SALCOBRAND","PUENTE ALTO","-33.595224","-70.590104"
"434",434,"SALCOBRAND","QUILICURA","-33.366789","-70.720092"
"435",435,"AHUMADA","QUILICURA","-33.35618","-70.729107"
"436",436,"AHUMADA ","QUILICURA","-33.38230576855998","-70.73004488985748"
"437",437,"BELEN","QUILICURA","-33.366843","-70.713917"
"438",438,"BELEN","QUILICURA","-33.367224","-70.734052"
"439",439,"CRUZ VERDE","QUILICURA","-33.365681","-70.728849"
"440",440,"CRUZ VERDE","QUILICURA","-33.355561","-70.729102"
"441",441,"NUEVA REAL ","QUILICURA","-33.358277","-70.729319"
"442",442,"SCANDIC","QUILICURA","-33.361861","-70.744786"
"443",443,"SALCOBRAND ","QUILICURA","-33.367883","-70.732212"
"444",444,"AHUMADA","QUINTA NORMAL","-33.432722","-70.680556"
"445",445,"CRUZ VERDE","QUINTA NORMAL","-33.430501","-70.692356"
"446",446,"EMIFAR","QUINTA NORMAL","-33.416474","-70.711044"
"447",447,"MACARENA","QUINTA NORMAL","-33.42251","-70.713359"
"448",448,"MENDOZA","QUINTA NORMAL","-33.423105","-70.69258"
"449",449,"MEVIC","QUINTA NORMAL","-33.428854","-70.715467"
"450",450,"MYPHARMA","QUINTA NORMAL","-33.441632","-70.707257"
"451",451,"AHUMADA","RECOLETA","-33.405714","-70.643169"
"452",452,"AHUMADA","RECOLETA","-33.393881","-70.642527"
"453",453,"B P M","RECOLETA","-33.391151","-70.641205"
"454",454,"CRUZ DEL NORTE","RECOLETA","-33.388507","-70.642304"
"455",455,"FARMARKET","RECOLETA","-33.403864","-70.631957"
"456",456,"CRUZ VERDE","RECOLETA","-33.402695","-70.643003"
"457",457,"CRUZ VERDE","RECOLETA","-33.429534","-70.647091"
"458",458,"MARSIL","RECOLETA","-33.431213","-70.651344"
"459",459,"EL SALTO","RECOLETA","-33.410583","-70.636818"
"460",460,"AHUMADA","RENCA","-33.405203","-70.704613"
"461",461,"CRUZ VERDE","RENCA","-33.406582","-70.700875"
"462",462,"CRUZ VERDE","RENCA","-33.405687","-70.704351"
"463",463,"MEDDICA","RENCA","-33.400438","-70.744682"
"464",464,"DONDE'L LORITO","RENCA","-33.409302","-70.746696"
"465",465,"SALCOBRAND","RENCA","-33.404343","-70.705514"
"466",466,"SALCOBRAND","SAN BERNARDO","-33.592758","-70.704956"
"467",467,"SALCOBRAND","SAN BERNARDO","-33.593692","-70.705686"
"468",468,"SALCOBRAND","SAN BERNARDO","-33.594272","-70.705896"
"469",469,"SALCOBRAND","SAN BERNARDO","-33.630736","-70.707929"
"470",470,"SALCOBRAND","SAN BERNARDO","-33.630736","-70.707929"
"471",471,"AHUMADA","SAN BERNARDO","-33.592704","-70.70516"
"472",472,"AHUMADA","SAN BERNARDO","-33.597239","-70.699727"
"473",473,"BELEN","SAN BERNARDO","-33.587471","-70.678018"
"474",474,"CRUZ VERDE","SAN BERNARDO","-33.592720","-70.705239"
"475",475,"CRUZ VERDE","SAN BERNARDO","-33.590117","-70.704405"
"476",476,"CRUZ VERDE","SAN BERNARDO","-33.593808","-70.705735"
"477",477,"CRUZ VERDE","SAN BERNARDO","-33.630736","-70.707929"
"478",478,"CRUZ VERDE","SAN BERNARDO","-33.5916","-70.704514"
"479",479,"LOS ALMENDROS","SAN BERNARDO","-33.592994","-70.697068"
"480",480,"LOS OLIVOS","SAN BERNARDO","-33.579037","-70.694487"
"481",481,"LA BOTIKA","SAN JOAQUIN","-33.517887","-70.629028"
"482",482,"DAMYFAR ","SAN JOAQUIN","-33.49175","-70.617843"
"483",483,"DEL DR. SIMI ","SAN JOAQUIN","-33.506374","-70.638138"
"484",484,"FARMAVIDA","SAN JOAQUIN","-33.505712","-70.623572"
"485",485,"THERAPIA IV","SAN JOAQUIN","-33.473563","-70.626895"
"486",486,"SAN ANDRES","SAN JOSE DE MAIPO","-33.639899","-70.352269"
"487",487,"SALCOBRAND","SAN MIGUEL","-33.491357","-70.650793"
"488",488,"SALCOBRAND","SAN MIGUEL","-33.506356","-70.655614"
"489",489,"AHUMADA","SAN MIGUEL","-33.512247","-70.657293"
"490",490,"AHUMADA","SAN MIGUEL","-33.499427","-70.653833"
"491",491,"CARYVON","SAN MIGUEL","-33.495502","-70.652532"
"492",492,"CRUZ VERDE","SAN MIGUEL","-33.48597","-70.650719"
"493",493,"CRUZ VERDE","SAN MIGUEL","-33.50653","-70.655888"
"494",494,"CRUZ VERDE","SAN MIGUEL","-33.504008","-70.655161"
"495",495,"CRUZ VERDE","SAN MIGUEL","-33.495043","-70.652588"
"496",496,"SAN JOSE","SAN MIGUEL","-33.491061","-70.657234"
"497",497,"SALCOBRAND","SAN MIGUEL","-33.505736","-70.655635"
"498",498,"CRUZ VERDE","SAN RAMON","-33.545141","-70.634109"
"499",499,"MANRIQUEZ","SAN RAMON","-33.537941","-70.634720"
"500",500,"DEL DR. SIMI ","SAN RAMON","-33.533973","-70.634794"
"501",501,"SALCOBRAND","SANTIAGO","-33.43727","-70.651269"
"502",502,"SALCOBRAND","SANTIAGO","-33.438783","-70.654192"
"503",503,"SALCOBRAND","SANTIAGO","-33.439508","-70.649606"
"504",504,"SALCOBRAND","SANTIAGO","-33.437395","-70.635611"
"505",505,"SALCOBRAND","SANTIAGO","-33.44298","-70.647425"
"506",506,"SALCOBRAND","SANTIAGO","-33.441919","-70.650647"
"507",507,"SALCOBRAND","SANTIAGO","-33.438652","-70.651106"
"508",508,"SALCOBRAND","SANTIAGO","-33.43515","-70.651572"
"509",509,"SALCOBRAND","SANTIAGO","-33.43517","-70.651481"
"510",510,"SALCOBRAND","SANTIAGO","-33.450905","-70.646866"
"511",511,"SALCOBRAND","SANTIAGO","-33.444692","-70.657432"
"512",512,"SALCOBRAND","SANTIAGO","-33.453286","-70.661319"
"513",513,"AHUMADA","SANTIAGO","-33.453223","-70.652669"
"514",514,"AHUMADA","SANTIAGO","-33.436196","-70.651419"
"515",515,"AHUMADA","SANTIAGO","-33.440397","-70.650848"
"516",516,"CRUZ VERDE","SANTIAGO","-33.454199","-70.657393"
"517",517,"CRUZ VERDE","SANTIAGO","-33.440305","-70.668658"
"518",518,"CRUZ VERDE","SANTIAGO","-33.452283","-70.677926"
"519",519,"CRUZ VERDE","SANTIAGO","-33.4423637","-70.6406479"
"520",520,"CRUZ VERDE","SANTIAGO","-33.439627","-70.65095"
"521",521,"CRUZ VERDE","SANTIAGO","-33.444562","-70.636873"
"522",522,"CRUZ VERDE","SANTIAGO","-33.448138","-70.635397"
"523",523,"CRUZ VERDE","SANTIAGO","-33.470108","-70.656666"
"524",524,"CRUZ VERDE","SANTIAGO","-33.473182","-70.648356"
"525",525,"CRUZ VERDE","SANTIAGO","-33.439123","-70.658111"
"526",526,"CRUZ VERDE","SANTIAGO","-33.435005","-70.670935"
"527",527,"CRUZ VERDE","SANTIAGO","-33.435902","-70.652175"
"528",528,"CRUZ VERDE ","SANTIAGO","-33.451659","-70.664505"
"529",529,"DEL DR. SIMI ","SANTIAGO","-33.436267","-70.652806"
"530",530,"BELEN","SANTIAGO","-33.435148","-70.674663"
"531",531,"DEL DR. SIMI ","SANTIAGO","-33.472753","-70.642096"
"532",532,"FARMAX ","SANTIAGO","-33.473205","-70.646771"
"533",533,"LA BOTICA  SALCOBRAND  ","SANTIAGO","-33.439907","-70.653656"
"534",534,"NOBEL","SANTIAGO","-33.45845","-70.643207"
"535",535,"MAVI","SANTIAGO","-33.472144","-70.648422"
"536",536,"REDFARMA","SANTIAGO","-33.442523","-70.667848"
"537",537,"REDFARMA ","SANTIAGO","-33.433214","-70.669173"
"538",538,"VALDIVIESO","SANTIAGO","-33.438506","-70.662218"
"539",539,"VANIA","SANTIAGO","-33.436791","-70.645765"
"540",540,"CRUZ VERDE","SANTIAGO","-33.441039","-70.664933"
"541",541,"NUEVA BOGOTA","SANTIAGO","-33.467902","-70.633326"
"542",542,"SALCOBRAND ","TALAGANTE","-33.664012","-70.929075"
"543",543,"SAN PATRICIO","MAIPU","-33.543478","-70.780365"
"544",544,"AHUMADA","TALAGANTE","-33.662449","-70.925036"
"545",545,"CRUZ VERDE","TALAGANTE","-33.6598978503037","-70.91833522895888"
"546",546,"AHUMADA","TALAGANTE","-33.656810","-70.912164"
"547",547,"CRUZ VERDE ","TALAGANTE","-33.663947","-70.92897"
"548",548,"MI FARMACIA","TALAGANTE","-33.663996","-70.92897"
"549",549,"FARMA-MARKET","TALAGANTE","-33.665333","-70.922989"
"550",550,"BELEN","TIL-TIL","-33.08462","-70.929154"
"551",551,"SALCOBRAND","VITACURA","-33.391689","-70.562933"
"552",552,"SALCOBRAND","VITACURA","-33.398658","-70.597748"
"553",553,"SALCOBRAND","VITACURA","-33.406117","-70.598491"
"554",554,"SALCOBRAND","VITACURA","-33.400241","-70.592311"
"555",555,"SALCOBRAND","VITACURA","-33.388536","-70.567643"
"556",556,"SALCOBRAND","VITACURA","-33.385371","-70.555836"
"557",557,"AHUMADA","VITACURA","-33.392332","-70.592531"
"558",558,"AHUMADA","VITACURA","-33.386375","-70.568129"
"559",559,"AHUMADA","VITACURA","-33.388543","-70.577656"
"560",560,"AHUMADA","VITACURA","-33.397601","-70.582612"
"561",561,"AHUMADA","VITACURA","-33.389958","-70.570359"
"562",562,"CRUZ VERDE","VITACURA","-33.39235","-70.580762"
"563",563,"CRUZ VERDE","VITACURA","-33.394506","-70.597154"
"564",564,"CRUZ VERDE","VITACURA","-33.376663","-70.56727"
"565",565,"CRUZ VERDE","VITACURA","-33.388865","-70.568275"
"566",566,"CRUZ VERDE","VITACURA","-33.404437","-70.596735"
"567",567,"CRUZ VERDE","VITACURA","-33.399489","-70.589736"
"568",568,"CRUZ VERDE","VITACURA","-33.385089","-70.554664"
"569",569,"CRUZ VERDE","PEÑALOLEN","-33.469665","-70.574566"
"570",570,"AHUMADA","SAN MIGUEL","-33.509017","-70.656577"
"571",571,"CRUZ VERDE","SANTIAGO","-33.449991","-70.631708"
"572",572,"CRUZ VERDE","COLINA","-33.286075","-70.675307"
"573",573,"SALCOBRAND","QUILICURA","-33.367435","-70.730821"
"574",574,"AHUMADA","PUENTE ALTO","-33.568772","-70.554846"
"575",575,"SALCOBRAND ","PAINE","-33.808089","-70.742343"
"576",576,"ESTRELLA","SAN JOAQUIN","-33.479241","-70.621923"
"577",577,"YORUGUA","LA FLORIDA","-33.51832","-70.581926"
"578",578,"AHUMADA","LAS CONDES","-33.388784","-70.545276"
"579",579,"CRUZ VERDE","PROVIDENCIA","-33.423654","-70.61084"
"580",580,"AHUMADA ","SAN BERNARDO","-33.622261","-70.7005997"
"581",581,"JUMBO","LAS CONDES","-33.428755","-70.540598"
"582",582,"AHUMADA","SAN JOAQUIN","-33.4835","-70.620789"
"583",583,"SALCOBRAND","MAIPU","-33.554753","-70.794807"
"584",584,"CRUZ VERDE","RECOLETA","-33.380121","-70.647222"
"585",585,"CRUZ VERDE","LO BARNECHEA","-33.361037","-70.54416"
"586",586,"NETFARMA","PUDAHUEL","-33.436402","-70.747107"
"587",587,"SALCOBRAND","VITACURA","-33.376878","-70.570704"
"588",588,"SALCOBRAND","LA REINA","-33.453375","-70.569373"
"589",589,"CRUZ VERDE","SAN BERNARDO","-33.637132","-70.707496"
"590",590,"AHUMADA","LA REINA","-33.453393","-70.569373"
"591",591,"CRUZ VERDE","LA REINA","-33.453321","-70.569395"
"592",592,"AHUMADA","LAS CONDES","-33.431226","-70.57875"
"593",593,"CRUZ VERDE","VITACURA","-33.380874","-70.571004"
"594",594,"CRUZ VERDE","PUENTE ALTO","-33.566394","-70.556867"
"595",595,"AHUMADA","VITACURA","-33.37686","-70.570189"
"596",596,"SALCOBRAND","SANTIAGO","-33.442973","-70.647628"
"597",597,"LATINOAMERICANA","RECOLETA","-33.405239","-70.643166"
"598",598,"CRUZ VERDE","VITACURA","-33.398342","-70.586475"
"599",599,"SALCOBRAND","PROVIDENCIA","-33.426481","-70.590895"
"600",600,"AHUMADA","LA PINTANA","-33.585702","-70.628403"
"601",601,"AHUMADA","LA FLORIDA","-33.522238","-70.556499"
"602",602,"CRUZ VERDE","ÑUÑOA","-33.450081","-70.602289"
"603",603,"SALCOBRAND","SAN BERNARDO","-33.589241","-70.706917"
"604",604,"AHUMADA","CERRILLOS","-33.515708","-70.715736"
"605",605,"AHUMADA","MELIPILLA","-33.684943","-71.213897"
"606",606,"CRUZ VERDE","LA REINA","-33.439517","-70.535706"
"607",607,"DR SIMI","SANTIAGO","-33.443188","-70.648252"
"608",608,"FARMAMARKET","ISLA DE MAIPO","-33.741059","-70.862267"
"609",609,"LINCE ","PROVIDENCIA","-33.441576","-70.627416"
"610",610,"AHUMADA","SAN BERNARDO","-33.632683","-70.712988"
"611",611,"CRUZ VERDE","PUENTE ALTO","-33.598196","-70.521768"
"612",612,"CRUZ VERDE","ÑUÑOA","-33.457976","-70.586044"
"613",613,"SALCOBRAND","QUILICURA","-33.360087","-70.729864"
"614",614,"SALCOBRAND","PROVIDENCIA","-33.42058","-70.607791"
"615",615,"SALCOBRAND","LO BARNECHEA","-33.355588","-70.538644"
"616",616,"AHUMADA","ÑUÑOA","-33.464859","-70.598253"
"617",617,"LATINOAMERICANA","ÑUÑOA","-33.455497","-70.605109"
"618",618,"CRUZ VERDE","LA REINA","-33.451746","-70.554911"
"619",619,"AHUMADA","LO BARNECHEA","-33.359899","-70.516457"
"620",620,"SALCOBRAND","ÑUÑOA","-33.46204","-70.575038"
"621",621,"SALCOBRAND","COLINA","-33.309657","-70.660729"
"622",622,"CRUZ VERDE","CERRILLOS","-33.515816","-70.715478"
"623",623,"AHUMADA","COLINA","-33.285642","-70.680653"
"625",625,"SALCOBRAND","MAIPU","-33.503524","-70.757514"
"626",626,"LOS ORIENTALES","ÑUÑOA","-33.454448","-70.580033"
"627",627,"AHUMADA","HUECHURABA","-33.3456092869489","-70.67051897242203"
"628",628,"CRUZ VERDE","ESTACION CENTRAL","-33.4520328","-70.68241220000004"
"629",629,"SALCOBRAND","ÑUÑOA","-33.4482699530571","-70.5766886423279"
"630",630,"CRUZ VERDE","ÑUÑOA","-33.4540843","-70.60615239999998"
"631",631,"OMLU","CALERA DE TANGO","-33.62745936475476","-70.76932980132744"
"632",632,"AHUMADA","LAS CONDES","-33.409287","-70.567331"
"633",633,"SALCOBRAND","SAN BERNARDO","-33.615891","-70.684447"
"634",634,"PRAT","SAN BERNARDO","-33.608804","-70.702816"
"635",635,"AHUMADA","COLINA","-33.312367","-70.656921"
"636",636,"CRUZ VERDE","PADRE HURTADO","-33.569344","-70.815406"
"637",637,"MANRIQUEZ","SAN RAMON","-33.551099","-70.633926"
"638",638,"SALCOBRAND","SANTIAGO","-33.444484","-70.636964"
"639",639,"SALCOBRAND","ÑUÑOA","-33.436560","-70.577532"
"640",640,"CRUZ VERDE","SANTIAGO","-33.439546","-70.650358"
"641",641,"CRUZ VERDE","ÑUÑOA","-33.451281","-70.589247"
"642",642,"SOLUFAR","HUECHURABA","-33.3595941","-70.6826858"
"643",643,"SALCOBRAND","LA FLORIDA","-33.519252","-70.600301"
"644",644,"CRUZ VERDE","ÑUÑOA","-33.449721","-70.621659"
"645",645,"CRUZ VERDE","PUENTE ALTO","-33.567875","-70.554729"
"646",646,"MEDDICA","SANTIAGO","-33.438544","-70.662868"
"647",647,"MEDDICA","QUILICURA","-33.366749","-70.7135657"
"648",648,"ESMERALDA","COLINA","-33.179823772526554","-70.65703527672122"
"650",650,"CRUZ VERDE","LO PRADO","-33.45732020000001","-70.71421300000003"
"652",652,"FARMAS","MAIPU","-33.5052112","-70.78910840000003"
"653",653,"CRUZ VERDE","PROVIDENCIA","-33.4356042","-70.59163760000001"
"654",654,"CRUZ VERDE","PROVIDENCIA","-33.4221422","-70.60820239999998"
"655",655,"MEDDICA","SANTIAGO","-33.4438503","-70.65762110000003"
"656",656,"FARMA TOTAL","SANTIAGO","-33.4432872","-70.63352839999999"
"657",657,"CRUZ VERDE","PADRE HURTADO","-33.560990","-70.826991"
"658",658,"SEGAL","EL BOSQUE","-33.5727986","-70.66539"
"659",659,"DEL DR SIMI","LAMPA","-33.284940","-70.876251"
"660",660,"AHUMADA","INDEPENDENCIA","-33.4185974","-70.6635713"
"662",662,"FARMAHORRO","LA GRANJA","-33.5580386","-70.6235524"
"663",663,"ECONOFARMA","MAIPU","-33.53295313115599","-70.77456793121337"
"664",664,"SALCOBRAND","SAN MIGUEL","-33.490979","-70.65737609999996"
"665",665,"LA BOTICA ITALIA","PROVIDENCIA","-33.4468525","-70.62719529999998"
"666",666,"AHUMADA","PEÑALOLEN","-33.4760865","-70.5431413"
"667",667,"OMEGA","LA FLORIDA","-33.563826509613335","-70.58495425714722"
"668",668,"CRUZ VERDE","LAS CONDES","-33.4095335","-70.56735229999998"
"669",669,"KNOP","HUECHURABA","-33.347631","-70.67041919999997"
"670",670,"JUMBO EL LLANO J513","SAN MIGUEL","-33.4867883","-70.6508589"
"671",671,"CRUZ VERDE","LA FLORIDA","-33.5188712","-70.60087490000001"
"672",672,"SALCOBRAND","LAS CONDES","-33.4188645","-70.5721916"
"673",673,"FARMATOTAL","PROVIDENCIA","-33.4311642","-70.61627720000001"
"674",674,"JUMBO","PEÑALOLEN","-33.4880184","-70.55667590000002"
"676",676,"CRUZ VERDE","PROVIDENCIA","-33.4390756","-70.6157943"
"677",677,"SALCOBRAND","LAS CONDES","-33.41556420881637","-70.53952902380371"
"678",678,"CRUZ VERDE","CALERA DE TANGO","-33.6255747","-70.78146199999998"
"679",679,"SALCOBRAND","QUILICURA","-33.44121699999999","-70.75415120000002"
"680",680,"IBIZA","MAIPU","-33.5562226","-70.79314369999997"
"682",682,"SAINT GERMAIN","MAIPU","-33.4747329","-70.74887469999999"
"683",683,"DEL CARMEN","MAIPU","-33.5168493","-70.76353879999999"
"691",691,"SALCOBRAND","COLINA","-33.204695","-70.676266"
"696",696,"AHUMADA","LA FLORIDA","-33.518401","-70.599124"
"698",698,"ISLEñA","ISLA DE MAIPO","-33.753996","-70.902434"
"705",705,"DíAZ","LO PRADO","-33.443623","-70.723448"
"706",706,"AHUMADA","LA FLORIDA","-33.518400","-70.599123"
"707",707,"AHUMADA","ÑUÑOA","-33.455672","-70.58563"
"708",708,"AHUMADA","SANTIAGO","-33.44317","-70.649064"
"713",713,"AHUMADA","BUIN","-33.734141","-70.749025"
"714",714,"AHUMADA","RENCA","-33.397305","-70.761807"
"715",715,"AHUMADA","PROVIDENCIA","-33.418056","-70.607297"
"716",716,"FARMAMARKET","PEÑAFLOR","-33.601279","-70.860642"
"720",720,"SOLUFAR","CERRILLOS","-33.491755","-70.714808"
"721",721,"VALVIC","PADRE HURTADO","-33.565517","-70.799506"
"722",722,"BELÉN","PUDAHUEL","-33.444749","-70.754041"
"723",723,"MEDICAL STORES","PUDAHUEL","-33.448542","-70.842990"
"724",724,"SU SALUD","SANTIAGO","-33.452457","-70.663262"
"725",725,"LEMBACH","COLINA","-33.207506","-70.678188"
"726",726,"DEL DR. SIMI","INDEPENDENCIA","-33.424567","-70.654489"
"727",727,"CRUZ VERDE","LAS CONDES","-33.415884","-70.539431"
"728",728,"CRUZ VERDE","HUECHURABA","-33.364142","-70.679158"
"729",729,"SALCOBRAND","MACUL","-33.482241","-70.599307"
"730",730,"CRUZ VERDE","TALAGANTE","-33.669991","-70.940531"
"731",731,"DEL DR. SIMI","LA FLORIDA","-33.535352","-70.572471"
"732",732,"DEL CARMEN","MAIPU","-33.509706","-70.758947"
"733",733,"CRUZ VERDE","CERRILLOS","-33.517344","-70.716387"
"734",734,"FARMATOP","PADRE HURTADO","-33.563030","-70.796775"
"735",735,"ECONOFARMA","CONCHALI","-33.395043","-70657935"
"736",736,"CRUZ VERDE","QUILICURA","-33.374177","-70.718153"
"737",737,"HERRERA","PUENTE ALTO","-33.612546","-70.573888"
"738",738,"JUMBO MAIPÚ","MAIPU","-33.479687","-70.752152"
"739",739,"DEL DR. SIMI","LA FLORIDA","-33.516661","-70.599949"
"740",740,"DEL DR. SIMI","ESTACION CENTRAL","-33.454507","-70.679502"
"741",741,"CRUZ VERDE","PEÑAFLOR","-33.608667","-70.856258"
"742",742,"CRUZ VERDE","VITACURA","-33.398752","-70.598584"
"743",743,"DEL DR. SIMI","SANTIAGO","-33.437929","-70.636741"
"744",744,"SALCOBRAND","COLINA","-33.207196","-70.666266"
