"","Id","Label","timeset","farmacia","zona","farm","columna1","columna2"
"1","1","AHUMADA",NA,"BUIN","","AHUMADA","AHUMADA",1.1
"2","2","BUIN",NA,"BUIN","","BUIN","OTRO",1
"3","3","CRUZ VERDE",NA,"BUIN","","CRUZ VERDE","CRUZ VERDE",1.15
"4","4","EL ALBA",NA,"BUIN","","EL ALBA","OTRO",1
"5","5","PLAZA BUIN",NA,"BUIN","","PLAZA BUIN","OTRO",1
"6","6","SALCOBRAND",NA,"BUIN","","SALCOBRAND","SALCOBRAND",1.2
"7","7","CALERA DE TANGO",NA,"CALERA DE TANGO","","CALERA DE TANGO","OTRO",1
"8","8","CRUZ VERDE",NA,"CALERA DE TANGO","","CRUZ VERDE","CRUZ VERDE",1.15
"9","9","AHUMADA",NA,"CERRILLOS","","AHUMADA","AHUMADA",1.1
"10","10","CRUZ VERDE",NA,"CERRILLOS","","CRUZ VERDE","CRUZ VERDE",1.15
"11","11","LA FE",NA,"CERRILLOS","","LA FE","OTRO",1
"12","12","VILLA MEXICO",NA,"CERRILLOS","","VILLA MEXICO","OTRO",1
"13","13","SALCOBRAND",NA,"CERRILLOS","","SALCOBRAND","SALCOBRAND",1.2
"14","14","DAVIFAR",NA,"CERRO NAVIA","","DAVIFAR","OTRO",1
"15","15","LAS TORRES",NA,"CERRO NAVIA","","LAS TORRES","OTRO",1
"16","16","SANTO THOMAS",NA,"CERRO NAVIA","","SANTO THOMAS","OTRO",1
"17","17","SILVA",NA,"CERRO NAVIA","","SILVA","OTRO",1
"18","18","LA UNION",NA,"CERRO NAVIA","","LA UNION","OTRO",1
"19","19","NEPTUNO",NA,"CERRO NAVIA","","NEPTUNO","OTRO",1
"20","20","AHUMADA",NA,"COLINA","","AHUMADA","AHUMADA",1.1
"21","21","AHUMADA",NA,"COLINA","","AHUMADA","AHUMADA",1.1
"22","22","AHUMADA",NA,"COLINA","","AHUMADA","AHUMADA",1.1
"23","23","BELEN",NA,"COLINA","","BELEN","OTRO",1
"24","24","CRUZ VERDE",NA,"COLINA","","CRUZ VERDE","CRUZ VERDE",1.15
"25","25","CRUZ VERDE",NA,"COLINA","","CRUZ VERDE","CRUZ VERDE",1.15
"26","26","NUEVA REAL",NA,"COLINA","","NUEVA REAL","OTRO",1
"27","27","SAN MARTIN",NA,"COLINA","","SAN MARTIN","OTRO",1
"28","28","SALCOBRAND",NA,"COLINA","","SALCOBRAND","SALCOBRAND",1.2
"29","29","SALCOBRAND",NA,"COLINA","","SALCOBRAND","SALCOBRAND",1.2
"30","30","AHUMADA",NA,"CONCHALI","","AHUMADA","AHUMADA",1.1
"31","31","AHUMADA",NA,"CONCHALI","","AHUMADA","AHUMADA",1.1
"32","32","BELEN",NA,"CONCHALI","","BELEN","OTRO",1
"33","33","BELEN",NA,"CONCHALI","","BELEN","OTRO",1
"34","34","BELEN",NA,"CONCHALI","","BELEN","OTRO",1
"35","35","CRUZ VERDE",NA,"CONCHALI","","CRUZ VERDE","CRUZ VERDE",1.15
"36","36","CRUZ VERDE",NA,"CONCHALI","","CRUZ VERDE","CRUZ VERDE",1.15
"37","37","CRUZ VERDE",NA,"CONCHALI","","CRUZ VERDE","CRUZ VERDE",1.15
"38","38","CRUZ VERDE",NA,"CURACAVI","","CRUZ VERDE","CRUZ VERDE",1.15
"39","39","CURACAVI",NA,"CURACAVI","","CURACAVI","OTRO",1
"40","40","EL SOL",NA,"CURACAVI","","EL SOL","OTRO",1
"41","41","AHUMADA",NA,"EL BOSQUE","","AHUMADA","AHUMADA",1.1
"42","42","ALAMEDA",NA,"EL BOSQUE","","ALAMEDA","OTRO",1
"43","43","BELEN",NA,"EL BOSQUE","","BELEN","OTRO",1
"44","44","BELEN",NA,"EL BOSQUE","","BELEN","OTRO",1
"45","45","SALUD/CANAIMA",NA,"EL BOSQUE","","SALUD/CANAIMA","OTRO",1
"46","46","CRUZ VERDE",NA,"EL BOSQUE","","CRUZ VERDE","CRUZ VERDE",1.15
"47","47","CRUZ VERDE",NA,"EL BOSQUE","","CRUZ VERDE","CRUZ VERDE",1.15
"48","48","CRUZ VERDE",NA,"EL BOSQUE","","CRUZ VERDE","CRUZ VERDE",1.15
"49","49","LOS MAQUIS",NA,"EL BOSQUE","","LOS MAQUIS","OTRO",1
"50","50","SALCOBRAND",NA,"EL BOSQUE","","SALCOBRAND","SALCOBRAND",1.2
"51","51","AHUMADA",NA,"ESTACION CENTRAL","","AHUMADA","AHUMADA",1.1
"52","52","AHUMADA",NA,"ESTACION CENTRAL","","AHUMADA","AHUMADA",1.1
"53","53","BELGO CHILENA",NA,"ESTACION CENTRAL","","BELGO CHILENA","OTRO",1
"54","54","CARRERA",NA,"ESTACION CENTRAL","","CARRERA","OTRO",1
"55","55","CRUZ VERDE",NA,"ESTACION CENTRAL","","CRUZ VERDE","CRUZ VERDE",1.15
"56","56","CRUZ VERDE",NA,"ESTACION CENTRAL","","CRUZ VERDE","CRUZ VERDE",1.15
"57","57","CRUZ VERDE",NA,"ESTACION CENTRAL","","CRUZ VERDE","CRUZ VERDE",1.15
"58","58","CRUZ VERDE",NA,"ESTACION CENTRAL","","CRUZ VERDE","CRUZ VERDE",1.15
"59","59","DEL DR. SIMI",NA,"ESTACION CENTRAL","","DEL DR. SIMI","OTRO",1
"60","60","ELENA",NA,"ESTACION CENTRAL","","ELENA","OTRO",1
"61","61","PURA SALUD",NA,"ESTACION CENTRAL","","PURA SALUD","OTRO",1
"62","62","SALCOBRAND",NA,"ESTACION CENTRAL","","SALCOBRAND","SALCOBRAND",1.2
"63","63","SALCOBRAND",NA,"ESTACION CENTRAL","","SALCOBRAND","SALCOBRAND",1.2
"64","64","SALCOBRAND",NA,"ESTACION CENTRAL","","SALCOBRAND","SALCOBRAND",1.2
"65","65","SALCOBRAND",NA,"ESTACION CENTRAL","","SALCOBRAND","SALCOBRAND",1.2
"66","66","SALCOBRAND",NA,"ESTACION CENTRAL","","SALCOBRAND","SALCOBRAND",1.2
"67","67","SALCOBRAND",NA,"HUECHURABA","","SALCOBRAND","SALCOBRAND",1.2
"68","68","SALCOBRAND",NA,"HUECHURABA","","SALCOBRAND","SALCOBRAND",1.2
"69","69","AHUMADA",NA,"HUECHURABA","","AHUMADA","AHUMADA",1.1
"70","70","AHUMADA",NA,"HUECHURABA","","AHUMADA","AHUMADA",1.1
"71","71","CRUZ VERDE",NA,"HUECHURABA","","CRUZ VERDE","CRUZ VERDE",1.15
"72","72","CRUZ VERDE",NA,"HUECHURABA","","CRUZ VERDE","CRUZ VERDE",1.15
"73","73","FARMAVIDA",NA,"HUECHURABA","","FARMAVIDA","OTRO",1
"74","74","SALCOBRAND",NA,"HUECHURABA","","SALCOBRAND","SALCOBRAND",1.2
"75","75","MEDDICA",NA,"INDEPENDENCIA","","MEDDICA","OTRO",1
"76","76","CRUZ VERDE",NA,"INDEPENDENCIA","","CRUZ VERDE","CRUZ VERDE",1.15
"77","77","CRUZ VERDE",NA,"INDEPENDENCIA","","CRUZ VERDE","CRUZ VERDE",1.15
"78","78","CRUZ VERDE",NA,"INDEPENDENCIA","","CRUZ VERDE","CRUZ VERDE",1.15
"79","79","MAESTRE",NA,"INDEPENDENCIA","","MAESTRE","OTRO",1
"80","80","NOVOA",NA,"INDEPENDENCIA","","NOVOA","OTRO",1
"81","81","SANTA LAURA",NA,"INDEPENDENCIA","","SANTA LAURA","OTRO",1
"82","82","VALLE DE VIDA",NA,"INDEPENDENCIA","","VALLE DE VIDA","OTRO",1
"83","83","ECUANASER",NA,"ISLA DE MAIPO","","ECUANASER","OTRO",1
"84","84","ECUANASER",NA,"ISLA DE MAIPO","","ECUANASER","OTRO",1
"85","85","FARMAMARKET",NA,"ISLA DE MAIPO","","FARMAMARKET","OTRO",1
"86","86","SALCOBRAND",NA,"LA CISTERNA","","SALCOBRAND","SALCOBRAND",1.2
"87","87","AHUMADA",NA,"LA CISTERNA","","AHUMADA","AHUMADA",1.1
"88","88","AHUMADA",NA,"LA CISTERNA","","AHUMADA","AHUMADA",1.1
"89","89","BELEN",NA,"LA CISTERNA","","BELEN","OTRO",1
"90","90","CRUZ VERDE",NA,"LA CISTERNA","","CRUZ VERDE","CRUZ VERDE",1.15
"91","91","DEL DR. SIMI",NA,"LA CISTERNA","","DEL DR. SIMI","OTRO",1
"92","92","DEL DR. SIMI",NA,"LA CISTERNA","","DEL DR. SIMI","OTRO",1
"93","93","MARTINEZ  ACUNA",NA,"LA CISTERNA","","MARTINEZ  ACUNA","OTRO",1
"94","94","SALCOBRAND",NA,"LA CISTERNA","","SALCOBRAND","SALCOBRAND",1.2
"95","95","MANRIQUEZ",NA,"LA CISTERNA","","MANRIQUEZ","OTRO",1
"96","96","SALCOBRAND",NA,"LA CISTERNA","","SALCOBRAND","SALCOBRAND",1.2
"97","97","AHUMADA",NA,"LA FLORIDA","","AHUMADA","AHUMADA",1.1
"98","98","AHUMADA",NA,"LA FLORIDA","","AHUMADA","AHUMADA",1.1
"99","99","AHUMADA",NA,"LA FLORIDA","","AHUMADA","AHUMADA",1.1
"100","100","AHUMADA",NA,"LA FLORIDA","","AHUMADA","AHUMADA",1.1
"101","101","AHUMADA",NA,"LA FLORIDA","","AHUMADA","AHUMADA",1.1
"102","102","AHUMADA",NA,"LA FLORIDA","","AHUMADA","AHUMADA",1.1
"103","103","AHUMADA",NA,"LA FLORIDA","","AHUMADA","AHUMADA",1.1
"104","104","AHUMADA",NA,"LA FLORIDA","","AHUMADA","AHUMADA",1.1
"105","105","AHUMADA",NA,"LA FLORIDA","","AHUMADA","AHUMADA",1.1
"106","106","AHUMADA",NA,"LA FLORIDA","","AHUMADA","AHUMADA",1.1
"107","107","AHUMADA",NA,"LA FLORIDA","","AHUMADA","AHUMADA",1.1
"108","108","AHUMADA",NA,"LA FLORIDA","","AHUMADA","AHUMADA",1.1
"109","109","AHUMADA",NA,"LA FLORIDA","","AHUMADA","AHUMADA",1.1
"110","110","BELEN",NA,"LA FLORIDA","","BELEN","OTRO",1
"111","111","C.A.",NA,"LA FLORIDA","","C.A.","OTRO",1
"112","112","CRUZ VERDE",NA,"LA FLORIDA","","CRUZ VERDE","CRUZ VERDE",1.15
"113","113","CRUZ VERDE",NA,"LA FLORIDA","","CRUZ VERDE","CRUZ VERDE",1.15
"114","114","CRUZ VERDE",NA,"LA FLORIDA","","CRUZ VERDE","CRUZ VERDE",1.15
"115","115","CRUZ VERDE",NA,"LA FLORIDA","","CRUZ VERDE","CRUZ VERDE",1.15
"116","116","CRUZ VERDE",NA,"LA FLORIDA","","CRUZ VERDE","CRUZ VERDE",1.15
"117","117","CRUZ VERDE",NA,"LA FLORIDA","","CRUZ VERDE","CRUZ VERDE",1.15
"118","118","CRUZ VERDE",NA,"LA FLORIDA","","CRUZ VERDE","CRUZ VERDE",1.15
"119","119","CRUZ VERDE",NA,"LA FLORIDA","","CRUZ VERDE","CRUZ VERDE",1.15
"120","120","CRUZ VERDE",NA,"LA FLORIDA","","CRUZ VERDE","CRUZ VERDE",1.15
"121","121","CRUZ VERDE",NA,"LA FLORIDA","","CRUZ VERDE","CRUZ VERDE",1.15
"122","122","CRUZ VERDE",NA,"LA FLORIDA","","CRUZ VERDE","CRUZ VERDE",1.15
"123","123","CRUZ VERDE",NA,"LA FLORIDA","","CRUZ VERDE","CRUZ VERDE",1.15
"124","124","CRUZ VERDE",NA,"LA FLORIDA","","CRUZ VERDE","CRUZ VERDE",1.15
"125","125","DEL DR. SIMI",NA,"LA FLORIDA","","DEL DR. SIMI","OTRO",1
"126","126","FARMA SUR",NA,"LA FLORIDA","","FARMA SUR","OTRO",1
"127","127","JUMBO",NA,"LA FLORIDA","","JUMBO","OTRO",1
"128","128","REDFARMA",NA,"LA FLORIDA","","REDFARMA","OTRO",1
"129","129","REY FARMA",NA,"LA FLORIDA","","REY FARMA","OTRO",1
"130","130","ROSARIO",NA,"LA FLORIDA","","ROSARIO","OTRO",1
"131","131","ROTONDA  LA FLORIDA",NA,"LA FLORIDA","","ROTONDA  LA FLORIDA","OTRO",1
"132","132","SU FARMA",NA,"LA FLORIDA","","SU FARMA","OTRO",1
"133","133","SALCOBRAND",NA,"LA FLORIDA","","SALCOBRAND","SALCOBRAND",1.2
"134","134","SALCOBRAND",NA,"LA FLORIDA","","SALCOBRAND","SALCOBRAND",1.2
"135","135","SALCOBRAND",NA,"LA FLORIDA","","SALCOBRAND","SALCOBRAND",1.2
"136","136","SALCOBRAND",NA,"LA FLORIDA","","SALCOBRAND","SALCOBRAND",1.2
"137","137","SALCOBRAND",NA,"LA FLORIDA","","SALCOBRAND","SALCOBRAND",1.2
"138","138","SALCOBRAND",NA,"LA FLORIDA","","SALCOBRAND","SALCOBRAND",1.2
"139","139","CRUZ VERDE",NA,"LA GRANJA","","CRUZ VERDE","CRUZ VERDE",1.15
"140","140","LOS PALTOS",NA,"LA GRANJA","","LOS PALTOS","OTRO",1
"141","141","LOS PALTOS",NA,"LA GRANJA","","LOS PALTOS","OTRO",1
"142","142","ESPOZ",NA,"LA GRANJA","","ESPOZ","OTRO",1
"143","143","CORDILLERA",NA,"LA PINTANA","","CORDILLERA","OTRO",1
"144","144","CRUZ VERDE",NA,"LA PINTANA","","CRUZ VERDE","CRUZ VERDE",1.15
"145","145","FARMA SUR",NA,"LA PINTANA","","FARMA SUR","OTRO",1
"146","146","SUR",NA,"LA PINTANA","","SUR","OTRO",1
"147","147","SALCOBRAND",NA,"LA PINTANA","","SALCOBRAND","SALCOBRAND",1.2
"148","148","AHUMADA",NA,"LA REINA","","AHUMADA","AHUMADA",1.1
"149","149","AHUMADA",NA,"LA REINA","","AHUMADA","AHUMADA",1.1
"150","150","AHUMADA",NA,"LA REINA","","AHUMADA","AHUMADA",1.1
"151","151","AHUMADA",NA,"LA REINA","","AHUMADA","AHUMADA",1.1
"152","152","AHUMADA",NA,"LA REINA","","AHUMADA","AHUMADA",1.1
"153","153","LA REINA",NA,"LA REINA","","LA REINA","OTRO",1
"154","154","SALCOBRAND",NA,"LA REINA","","SALCOBRAND","SALCOBRAND",1.2
"155","155","SALCOBRAND",NA,"LA REINA","","SALCOBRAND","SALCOBRAND",1.2
"156","156","AHUMADA",NA,"LA REINA","","AHUMADA","AHUMADA",1.1
"157","157","CRUZ VERDE",NA,"LA REINA","","CRUZ VERDE","CRUZ VERDE",1.15
"158","158","CRUZ VERDE",NA,"LO BARNECHEA","","CRUZ VERDE","CRUZ VERDE",1.15
"159","159","SALCOBRAND",NA,"LA REINA","","SALCOBRAND","SALCOBRAND",1.2
"160","160","SALCOBRAND",NA,"LA REINA","","SALCOBRAND","SALCOBRAND",1.2
"161","161","SALCOBRAND",NA,"LA REINA","","SALCOBRAND","SALCOBRAND",1.2
"162","162","BELEN",NA,"LAMPA","","BELEN","OTRO",1
"163","163","BELEN",NA,"LAMPA","","BELEN","OTRO",1
"164","164","LETICIA",NA,"LAMPA","","LETICIA","OTRO",1
"165","165","SU FARMACIA S.A.",NA,"LAMPA","","SU FARMACIA S.A.","OTRO",1
"166","166","SALCOBRAND",NA,"LAMPA","","SALCOBRAND","SALCOBRAND",1.2
"167","167","SALCOBRAND",NA,"LAS CONDES","","SALCOBRAND","SALCOBRAND",1.2
"168","168","SALCOBRAND",NA,"LAS CONDES","","SALCOBRAND","SALCOBRAND",1.2
"169","169","SALCOBRAND",NA,"LAS CONDES","","SALCOBRAND","SALCOBRAND",1.2
"170","170","SALCOBRAND",NA,"LAS CONDES","","SALCOBRAND","SALCOBRAND",1.2
"171","171","SALCOBRAND",NA,"LAS CONDES","","SALCOBRAND","SALCOBRAND",1.2
"172","172","SALCOBRAND",NA,"LAS CONDES","","SALCOBRAND","SALCOBRAND",1.2
"173","173","SALCOBRAND",NA,"LAS CONDES","","SALCOBRAND","SALCOBRAND",1.2
"174","174","SALCOBRAND",NA,"LAS CONDES","","SALCOBRAND","SALCOBRAND",1.2
"175","175","SALCOBRAND",NA,"LAS CONDES","","SALCOBRAND","SALCOBRAND",1.2
"176","176","AHUMADA",NA,"LAS CONDES","","AHUMADA","AHUMADA",1.1
"177","177","AHUMADA",NA,"LAS CONDES","","AHUMADA","AHUMADA",1.1
"178","178","AHUMADA",NA,"LAS CONDES","","AHUMADA","AHUMADA",1.1
"179","179","AHUMADA",NA,"LAS CONDES","","AHUMADA","AHUMADA",1.1
"180","180","AHUMADA",NA,"LAS CONDES","","AHUMADA","AHUMADA",1.1
"181","181","AHUMADA",NA,"LAS CONDES","","AHUMADA","AHUMADA",1.1
"182","182","AHUMADA",NA,"LAS CONDES","","AHUMADA","AHUMADA",1.1
"183","183","AHUMADA",NA,"LAS CONDES","","AHUMADA","AHUMADA",1.1
"184","184","AHUMADA",NA,"LAS CONDES","","AHUMADA","AHUMADA",1.1
"185","185","AHUMADA",NA,"LAS CONDES","","AHUMADA","AHUMADA",1.1
"186","186","CRUZ VERDE",NA,"LAS CONDES","","CRUZ VERDE","CRUZ VERDE",1.15
"187","187","CRUZ VERDE",NA,"LAS CONDES","","CRUZ VERDE","CRUZ VERDE",1.15
"188","188","CRUZ VERDE",NA,"LAS CONDES","","CRUZ VERDE","CRUZ VERDE",1.15
"189","189","CRUZ VERDE",NA,"LAS CONDES","","CRUZ VERDE","CRUZ VERDE",1.15
"190","190","CRUZ VERDE",NA,"LAS CONDES","","CRUZ VERDE","CRUZ VERDE",1.15
"191","191","CRUZ VERDE",NA,"LAS CONDES","","CRUZ VERDE","CRUZ VERDE",1.15
"192","192","CRUZ VERDE",NA,"LAS CONDES","","CRUZ VERDE","CRUZ VERDE",1.15
"193","193","CRUZ VERDE",NA,"LAS CONDES","","CRUZ VERDE","CRUZ VERDE",1.15
"194","194","CRUZ VERDE",NA,"LAS CONDES","","CRUZ VERDE","CRUZ VERDE",1.15
"195","195","CRUZ VERDE",NA,"LAS CONDES","","CRUZ VERDE","CRUZ VERDE",1.15
"196","196","CRUZ VERDE",NA,"LAS CONDES","","CRUZ VERDE","CRUZ VERDE",1.15
"197","197","CRUZ VERDE",NA,"LAS CONDES","","CRUZ VERDE","CRUZ VERDE",1.15
"198","198","CRUZ VERDE",NA,"LAS CONDES","","CRUZ VERDE","CRUZ VERDE",1.15
"199","199","CRUZ VERDE",NA,"LAS CONDES","","CRUZ VERDE","CRUZ VERDE",1.15
"200","200","CRUZ VERDE",NA,"LAS CONDES","","CRUZ VERDE","CRUZ VERDE",1.15
"201","201","DEL DR. SIMI",NA,"LAS CONDES","","DEL DR. SIMI","OTRO",1
"202","202","LA DEHESA",NA,"LO BARNECHEA","","LA DEHESA","OTRO",1
"203","203","SALCOBRAND",NA,"LAS CONDES","","SALCOBRAND","SALCOBRAND",1.2
"204","204","SALCOBRAND",NA,"LAS CONDES","","SALCOBRAND","SALCOBRAND",1.2
"205","205","SALCOBRAND",NA,"LAS CONDES","","SALCOBRAND","SALCOBRAND",1.2
"206","206","SALCOBRAND",NA,"LAS CONDES","","SALCOBRAND","SALCOBRAND",1.2
"207","207","SALCOBRAND",NA,"LAS CONDES","","SALCOBRAND","SALCOBRAND",1.2
"208","208","SALCOBRAND",NA,"LAS CONDES","","SALCOBRAND","SALCOBRAND",1.2
"209","209","SALCOBRAND",NA,"LAS CONDES","","SALCOBRAND","SALCOBRAND",1.2
"210","210","SALCOBRAND",NA,"LAS CONDES","","SALCOBRAND","SALCOBRAND",1.2
"211","211","SALCOBRAND",NA,"LAS CONDES","","SALCOBRAND","SALCOBRAND",1.2
"212","212","SALCOBRAND",NA,"LAS CONDES","","SALCOBRAND","SALCOBRAND",1.2
"213","213","SALCOBRAND",NA,"LAS CONDES","","SALCOBRAND","SALCOBRAND",1.2
"214","214","SALCOBRAND",NA,"LAS CONDES","","SALCOBRAND","SALCOBRAND",1.2
"215","215","SALCOBRAND",NA,"LAS CONDES","","SALCOBRAND","SALCOBRAND",1.2
"216","216","SALCOBRAND",NA,"LAS CONDES","","SALCOBRAND","SALCOBRAND",1.2
"217","217","SALCOBRAND",NA,"LAS CONDES","","SALCOBRAND","SALCOBRAND",1.2
"218","218","SALCOBRAND",NA,"LAS CONDES","","SALCOBRAND","SALCOBRAND",1.2
"219","219","SALCOBRAND",NA,"LO BARNECHEA","","SALCOBRAND","SALCOBRAND",1.2
"220","220","AHUMADA",NA,"LO BARNECHEA","","AHUMADA","AHUMADA",1.1
"221","221","AHUMADA",NA,"LO BARNECHEA","","AHUMADA","AHUMADA",1.1
"222","222","AHUMADA",NA,"LO BARNECHEA","","AHUMADA","AHUMADA",1.1
"223","223","CRUZ VERDE",NA,"LO BARNECHEA","","CRUZ VERDE","CRUZ VERDE",1.15
"224","224","CRUZ VERDE",NA,"LO BARNECHEA","","CRUZ VERDE","CRUZ VERDE",1.15
"225","225","VITA",NA,"LO BARNECHEA","","VITA","OTRO",1
"226","226","SALCOBRAND",NA,"LO BARNECHEA","","SALCOBRAND","SALCOBRAND",1.2
"227","227","SALCOBRAND",NA,"LO BARNECHEA","","SALCOBRAND","SALCOBRAND",1.2
"228","228","SALCOBRAND",NA,"LO BARNECHEA","","SALCOBRAND","SALCOBRAND",1.2
"229","229","FARMAR",NA,"LO ESPEJO","","FARMAR","OTRO",1
"230","230","LA FE",NA,"LO ESPEJO","","LA FE","OTRO",1
"231","231","L-V",NA,"LO ESPEJO","","L-V","OTRO",1
"232","232","AHUMADA",NA,"LO PRADO","","AHUMADA","AHUMADA",1.1
"233","233","CRUZ VERDE",NA,"LO PRADO","","CRUZ VERDE","CRUZ VERDE",1.15
"234","234","CRUZ VERDE",NA,"LO PRADO","","CRUZ VERDE","CRUZ VERDE",1.15
"235","235","LAS ROSAS",NA,"LO PRADO","","LAS ROSAS","OTRO",1
"236","236","SALCOBRAND",NA,"LO PRADO","","SALCOBRAND","SALCOBRAND",1.2
"237","237","SALCOBRAND",NA,"LO PRADO","","SALCOBRAND","SALCOBRAND",1.2
"238","238","SALCOBRAND",NA,"MACUL","","SALCOBRAND","SALCOBRAND",1.2
"239","239","AHUMADA",NA,"MACUL","","AHUMADA","AHUMADA",1.1
"240","240","AHUMADA",NA,"MACUL","","AHUMADA","AHUMADA",1.1
"241","241","AHUMADA",NA,"MACUL","","AHUMADA","AHUMADA",1.1
"242","242","CRUZ VERDE",NA,"MACUL","","CRUZ VERDE","CRUZ VERDE",1.15
"243","243","CRUZ VERDE",NA,"MACUL","","CRUZ VERDE","CRUZ VERDE",1.15
"244","244","DEL DR. SIMI",NA,"MACUL","","DEL DR. SIMI","OTRO",1
"245","245","SALCOBRAND",NA,"MAIPU","","SALCOBRAND","SALCOBRAND",1.2
"246","246","SALCOBRAND",NA,"MAIPU","","SALCOBRAND","SALCOBRAND",1.2
"247","247","SALCOBRAND",NA,"MAIPU","","SALCOBRAND","SALCOBRAND",1.2
"248","248","SALCOBRAND",NA,"MAIPU","","SALCOBRAND","SALCOBRAND",1.2
"249","249","AHUMADA",NA,"MAIPU","","AHUMADA","AHUMADA",1.1
"250","250","AHUMADA",NA,"MAIPU","","AHUMADA","AHUMADA",1.1
"251","251","AHUMADA",NA,"MAIPU","","AHUMADA","AHUMADA",1.1
"252","252","AHUMADA",NA,"MAIPU","","AHUMADA","AHUMADA",1.1
"253","253","AHUMADA",NA,"MAIPU","","AHUMADA","AHUMADA",1.1
"254","254","AHUMADA",NA,"MAIPU","","AHUMADA","AHUMADA",1.1
"255","255","AHUMADA",NA,"MAIPU","","AHUMADA","AHUMADA",1.1
"256","256","ALMENDRA",NA,"MAIPU","","ALMENDRA","OTRO",1
"257","257","BELEN",NA,"MAIPU","","BELEN","OTRO",1
"258","258","BELEN",NA,"MAIPU","","BELEN","OTRO",1
"259","259","APOTHEKE",NA,"MAIPU","","APOTHEKE","OTRO",1
"260","260","CRUZ VERDE",NA,"MAIPU","","CRUZ VERDE","CRUZ VERDE",1.15
"261","261","CRUZ VERDE",NA,"MAIPU","","CRUZ VERDE","CRUZ VERDE",1.15
"262","262","CRUZ VERDE",NA,"MAIPU","","CRUZ VERDE","CRUZ VERDE",1.15
"263","263","CRUZ VERDE",NA,"MAIPU","","CRUZ VERDE","CRUZ VERDE",1.15
"264","264","CRUZ VERDE",NA,"MAIPU","","CRUZ VERDE","CRUZ VERDE",1.15
"265","265","CRUZ VERDE",NA,"MAIPU","","CRUZ VERDE","CRUZ VERDE",1.15
"266","266","CRUZ VERDE",NA,"MAIPU","","CRUZ VERDE","CRUZ VERDE",1.15
"267","267","CRUZ VERDE",NA,"MAIPU","","CRUZ VERDE","CRUZ VERDE",1.15
"268","268","CRUZ VERDE",NA,"MAIPU","","CRUZ VERDE","CRUZ VERDE",1.15
"269","269","CRUZ VERDE",NA,"LA REINA","","CRUZ VERDE","CRUZ VERDE",1.15
"270","270","DEL PARQUE",NA,"MAIPU","","DEL PARQUE","OTRO",1
"271","271","ECONOFARMA",NA,"MAIPU","","ECONOFARMA","OTRO",1
"272","272","EXPRESS",NA,"MAIPU","","EXPRESS","OTRO",1
"273","273","MEBAL",NA,"MAIPU","","MEBAL","OTRO",1
"274","274","MEVIC",NA,"MAIPU","","MEVIC","OTRO",1
"275","275","MEVIC",NA,"MAIPU","","MEVIC","OTRO",1
"276","276","VIDA SALUD",NA,"MAIPU","","VIDA SALUD","OTRO",1
"277","277","SU FARMACIA",NA,"MAIPU","","SU FARMACIA","OTRO",1
"278","278","NETFARMA",NA,"MAIPU","","NETFARMA","OTRO",1
"279","279","AHUMADA",NA,"MELIPILLA","","AHUMADA","AHUMADA",1.1
"280","280","CRUZ VERDE",NA,"MELIPILLA","","CRUZ VERDE","CRUZ VERDE",1.15
"281","281","CRUZ VERDE",NA,"MELIPILLA","","CRUZ VERDE","CRUZ VERDE",1.15
"282","282","EKONOFARMA",NA,"MELIPILLA","","EKONOFARMA","OTRO",1
"283","283","REDONDO",NA,"MELIPILLA","","REDONDO","OTRO",1
"284","284","SERRANO",NA,"MELIPILLA","","SERRANO","OTRO",1
"285","285","SALCOBRAND",NA,"MELIPILLA","","SALCOBRAND","SALCOBRAND",1.2
"286","286","SALCOBRAND",NA,"MELIPILLA","","SALCOBRAND","SALCOBRAND",1.2
"287","287","AHUMADA",NA,"NUNOA","","AHUMADA","AHUMADA",1.1
"288","288","AHUMADA",NA,"NUNOA","","AHUMADA","AHUMADA",1.1
"289","289","SALCOBRAND",NA,"NUNOA","","SALCOBRAND","SALCOBRAND",1.2
"290","290","SALCOBRAND",NA,"NUNOA","","SALCOBRAND","SALCOBRAND",1.2
"291","291","SALCOBRAND",NA,"NUNOA","","SALCOBRAND","SALCOBRAND",1.2
"292","292","SALCOBRAND",NA,"NUNOA","","SALCOBRAND","SALCOBRAND",1.2
"293","293","SALCOBRAND",NA,"NUNOA","","SALCOBRAND","SALCOBRAND",1.2
"294","294","SALCOBRAND",NA,"NUNOA","","SALCOBRAND","SALCOBRAND",1.2
"295","295","AHUMADA",NA,"NUNOA","","AHUMADA","AHUMADA",1.1
"296","296","AHUMADA",NA,"NUNOA","","AHUMADA","AHUMADA",1.1
"297","297","AHUMADA",NA,"NUNOA","","AHUMADA","AHUMADA",1.1
"298","298","AHUMADA",NA,"NUNOA","","AHUMADA","AHUMADA",1.1
"299","299","AHUMADA",NA,"NUNOA","","AHUMADA","AHUMADA",1.1
"300","300","AHUMADA",NA,"NUNOA","","AHUMADA","AHUMADA",1.1
"301","301","CRUZ VERDE",NA,"NUNOA","","CRUZ VERDE","CRUZ VERDE",1.15
"302","302","CRUZ VERDE",NA,"NUNOA","","CRUZ VERDE","CRUZ VERDE",1.15
"303","303","CRUZ VERDE",NA,"NUNOA","","CRUZ VERDE","CRUZ VERDE",1.15
"304","304","CRUZ VERDE",NA,"NUNOA","","CRUZ VERDE","CRUZ VERDE",1.15
"305","305","CRUZ VERDE",NA,"NUNOA","","CRUZ VERDE","CRUZ VERDE",1.15
"306","306","CRUZ VERDE",NA,"NUNOA","","CRUZ VERDE","CRUZ VERDE",1.15
"307","307","CRUZ VERDE",NA,"NUNOA","","CRUZ VERDE","CRUZ VERDE",1.15
"308","308","CRUZ VERDE",NA,"NUNOA","","CRUZ VERDE","CRUZ VERDE",1.15
"309","309","CRUZ VERDE",NA,"NUNOA","","CRUZ VERDE","CRUZ VERDE",1.15
"310","310","CRUZ VERDE",NA,"NUNOA","","CRUZ VERDE","CRUZ VERDE",1.15
"311","311","CRUZ VERDE",NA,"NUNOA","","CRUZ VERDE","CRUZ VERDE",1.15
"312","312","CRUZ VERDE",NA,"NUNOA","","CRUZ VERDE","CRUZ VERDE",1.15
"313","313","CRUZ VERDE",NA,"NUNOA","","CRUZ VERDE","CRUZ VERDE",1.15
"314","314","INSTITUCIONAL",NA,"NUNOA","","INSTITUCIONAL","OTRO",1
"315","315","REDOXX",NA,"NUNOA","","REDOXX","OTRO",1
"316","316","SALCOBRAND",NA,"NUNOA","","SALCOBRAND","SALCOBRAND",1.2
"317","317","SANTA  GEMITA",NA,"NUNOA","","SANTA  GEMITA","OTRO",1
"318","318","SALCOBRAND",NA,"NUNOA","","SALCOBRAND","SALCOBRAND",1.2
"319","319","SAN JUAN",NA,"PADRE HURTADO","","SAN JUAN","OTRO",1
"320","320","FARMAMARKET",NA,"PADRE HURTADO","","FARMAMARKET","OTRO",1
"321","321","CRUZ VERDE",NA,"PAINE","","CRUZ VERDE","CRUZ VERDE",1.15
"322","322","PLAZA PAINE",NA,"PAINE","","PLAZA PAINE","OTRO",1
"323","323","CRUZ VERDE",NA,"PEDRO AGUIRRE CERDA","","CRUZ VERDE","CRUZ VERDE",1.15
"324","324","CRUZ VERDE",NA,"PEDRO AGUIRRE CERDA","","CRUZ VERDE","CRUZ VERDE",1.15
"325","325","IDAHUE",NA,"PEDRO AGUIRRE CERDA","","IDAHUE","OTRO",1
"326","326","LA BOTIKA",NA,"PEDRO AGUIRRE CERDA","","LA BOTIKA","OTRO",1
"327","327","FARMA-MARKET",NA,"PENAFLOR","","FARMA-MARKET","OTRO",1
"328","328","AHUMADA",NA,"PENAFLOR","","AHUMADA","AHUMADA",1.1
"329","329","CRUZ VERDE",NA,"PENAFLOR","","CRUZ VERDE","CRUZ VERDE",1.15
"330","330","CRUZ VERDE",NA,"PENAFLOR","","CRUZ VERDE","CRUZ VERDE",1.15
"331","331","CRUZ VERDE",NA,"PENAFLOR","","CRUZ VERDE","CRUZ VERDE",1.15
"332","332","CRUZ VERDE",NA,"PENAFLOR","","CRUZ VERDE","CRUZ VERDE",1.15
"333","333","MALLOCO",NA,"PENAFLOR","","MALLOCO","OTRO",1
"334","334","SAN JUAN",NA,"PENAFLOR","","SAN JUAN","OTRO",1
"335","335","SALCOBRAND",NA,"PENALOLEN","","SALCOBRAND","SALCOBRAND",1.2
"336","336","SALCOBRAND",NA,"PENALOLEN","","SALCOBRAND","SALCOBRAND",1.2
"337","337","SALCOBRAND",NA,"PENALOLEN","","SALCOBRAND","SALCOBRAND",1.2
"338","338","AHUMADA",NA,"PENALOLEN","","AHUMADA","AHUMADA",1.1
"339","339","AHUMADA",NA,"PENALOLEN","","AHUMADA","AHUMADA",1.1
"340","340","AHUMADA",NA,"PENALOLEN","","AHUMADA","AHUMADA",1.1
"341","341","AHUMADA",NA,"PENALOLEN","","AHUMADA","AHUMADA",1.1
"342","342","BELEN",NA,"PENALOLEN","","BELEN","OTRO",1
"343","343","CRUZ VERDE",NA,"PENALOLEN","","CRUZ VERDE","CRUZ VERDE",1.15
"344","344","CRUZ VERDE",NA,"PENALOLEN","","CRUZ VERDE","CRUZ VERDE",1.15
"345","345","CRUZ VERDE",NA,"PENALOLEN","","CRUZ VERDE","CRUZ VERDE",1.15
"346","346","CRUZ VERDE",NA,"PENALOLEN","","CRUZ VERDE","CRUZ VERDE",1.15
"347","347","CRUZ VERDE",NA,"PENALOLEN","","CRUZ VERDE","CRUZ VERDE",1.15
"348","348","CRUZ VERDE",NA,"PENALOLEN","","CRUZ VERDE","CRUZ VERDE",1.15
"349","349","DEL DR. SIMI",NA,"PENALOLEN","","DEL DR. SIMI","OTRO",1
"350","350","DEL DR. SIMI",NA,"PENALOLEN","","DEL DR. SIMI","OTRO",1
"351","351","DEL DR. SIMI",NA,"PENALOLEN","","DEL DR. SIMI","OTRO",1
"352","352","EL VALLE",NA,"PENALOLEN","","EL VALLE","OTRO",1
"353","353","MEDDICA",NA,"PENALOLEN","","MEDDICA","OTRO",1
"354","354","GENNETIKA",NA,"PENALOLEN","","GENNETIKA","OTRO",1
"355","355","GALLARDO",NA,"PENALOLEN","","GALLARDO","OTRO",1
"356","356","LA BOTIKA",NA,"PENALOLEN","","LA BOTIKA","OTRO",1
"357","357","SALCOBRAND",NA,"PENALOLEN","","SALCOBRAND","SALCOBRAND",1.2
"358","358","SALCOBRAND",NA,"PENALOLEN","","SALCOBRAND","SALCOBRAND",1.2
"359","359","SALCOBRAND",NA,"PIRQUE","","SALCOBRAND","SALCOBRAND",1.2
"360","360","SALCOBRAND",NA,"PROVIDENCIA","","SALCOBRAND","SALCOBRAND",1.2
"361","361","SALCOBRAND",NA,"PROVIDENCIA","","SALCOBRAND","SALCOBRAND",1.2
"362","362","SALCOBRAND",NA,"PROVIDENCIA","","SALCOBRAND","SALCOBRAND",1.2
"363","363","SALCOBRAND",NA,"PROVIDENCIA","","SALCOBRAND","SALCOBRAND",1.2
"364","364","AHUMADA",NA,"PROVIDENCIA","","AHUMADA","AHUMADA",1.1
"365","365","AHUMADA",NA,"PROVIDENCIA","","AHUMADA","AHUMADA",1.1
"366","366","AHUMADA",NA,"PROVIDENCIA","","AHUMADA","AHUMADA",1.1
"367","367","AHUMADA",NA,"PROVIDENCIA","","AHUMADA","AHUMADA",1.1
"368","368","AHUMADA",NA,"PROVIDENCIA","","AHUMADA","AHUMADA",1.1
"369","369","AHUMADA",NA,"PROVIDENCIA","","AHUMADA","AHUMADA",1.1
"370","370","AHUMADA",NA,"PROVIDENCIA","","AHUMADA","AHUMADA",1.1
"371","371","CARMEN",NA,"PROVIDENCIA","","CARMEN","OTRO",1
"372","372","CRUZ VERDE",NA,"PROVIDENCIA","","CRUZ VERDE","CRUZ VERDE",1.15
"373","373","CRUZ VERDE",NA,"PROVIDENCIA","","CRUZ VERDE","CRUZ VERDE",1.15
"374","374","CRUZ VERDE",NA,"PROVIDENCIA","","CRUZ VERDE","CRUZ VERDE",1.15
"375","375","CRUZ VERDE",NA,"PROVIDENCIA","","CRUZ VERDE","CRUZ VERDE",1.15
"376","376","CRUZ VERDE",NA,"PROVIDENCIA","","CRUZ VERDE","CRUZ VERDE",1.15
"377","377","CRUZ VERDE",NA,"PROVIDENCIA","","CRUZ VERDE","CRUZ VERDE",1.15
"378","378","LIDO",NA,"PROVIDENCIA","","LIDO","OTRO",1
"379","379","ROESAR",NA,"PROVIDENCIA","","ROESAR","OTRO",1
"380","380","SALCOBRAND",NA,"PROVIDENCIA","","SALCOBRAND","SALCOBRAND",1.2
"381","381","SALCOBRAND",NA,"PROVIDENCIA","","SALCOBRAND","SALCOBRAND",1.2
"382","382","SALCOBRAND",NA,"PROVIDENCIA","","SALCOBRAND","SALCOBRAND",1.2
"383","383","FARMA UNO",NA,"PUDAHUEL","","FARMA UNO","OTRO",1
"384","384","AHUMADA",NA,"PUDAHUEL","","AHUMADA","AHUMADA",1.1
"385","385","AHUMADA",NA,"PUDAHUEL","","AHUMADA","AHUMADA",1.1
"386","386","AHUMADA",NA,"PUDAHUEL","","AHUMADA","AHUMADA",1.1
"387","387","AHUMADA",NA,"PUDAHUEL","","AHUMADA","AHUMADA",1.1
"388","388","BELEN",NA,"PUDAHUEL","","BELEN","OTRO",1
"389","389","CRUZ VERDE",NA,"PUDAHUEL","","CRUZ VERDE","CRUZ VERDE",1.15
"390","390","CRUZ VERDE",NA,"PUDAHUEL","","CRUZ VERDE","CRUZ VERDE",1.15
"391","391","EMIFAR",NA,"PUDAHUEL","","EMIFAR","OTRO",1
"392","392","LAISA",NA,"PUDAHUEL","","LAISA","OTRO",1
"393","393","FARMA OFERTA",NA,"PUDAHUEL","","FARMA OFERTA","OTRO",1
"394","394","CRUZ VERDE",NA,"PUDAHUEL","","CRUZ VERDE","CRUZ VERDE",1.15
"395","395","SAN PIO",NA,"PUDAHUEL","","SAN PIO","OTRO",1
"396","396","TIERRA DEL FUEGO",NA,"PUDAHUEL","","TIERRA DEL FUEGO","OTRO",1
"397","397","TORRES",NA,"PUDAHUEL","","TORRES","OTRO",1
"398","398","LAS PRINCESAS",NA,"PUDAHUEL","","LAS PRINCESAS","OTRO",1
"399","399","SALCOBRAND",NA,"PUENTE ALTO","","SALCOBRAND","SALCOBRAND",1.2
"400","400","SALCOBRAND",NA,"PUENTE ALTO","","SALCOBRAND","SALCOBRAND",1.2
"401","401","SALCOBRAND",NA,"PUENTE ALTO","","SALCOBRAND","SALCOBRAND",1.2
"402","402","SALCOBRAND",NA,"PUENTE ALTO","","SALCOBRAND","SALCOBRAND",1.2
"403","403","LA BOTIKA",NA,"PUENTE ALTO","","LA BOTIKA","OTRO",1
"404","404","LOS TOROS",NA,"PUENTE ALTO","","LOS TOROS","OTRO",1
"405","405","AHUMADA",NA,"PUENTE ALTO","","AHUMADA","AHUMADA",1.1
"406","406","AHUMADA",NA,"PUENTE ALTO","","AHUMADA","AHUMADA",1.1
"407","407","AHUMADA",NA,"PUENTE ALTO","","AHUMADA","AHUMADA",1.1
"408","408","AHUMADA",NA,"PUENTE ALTO","","AHUMADA","AHUMADA",1.1
"409","409","ANGEL",NA,"PUENTE ALTO","","ANGEL","OTRO",1
"410","410","ARES",NA,"PUENTE ALTO","","ARES","OTRO",1
"411","411","CARMEN",NA,"PUENTE ALTO","","CARMEN","OTRO",1
"412","412","CATALINA",NA,"PUENTE ALTO","","CATALINA","OTRO",1
"413","413","CRUZ VERDE",NA,"PUENTE ALTO","","CRUZ VERDE","CRUZ VERDE",1.15
"414","414","CRUZ VERDE",NA,"PUENTE ALTO","","CRUZ VERDE","CRUZ VERDE",1.15
"415","415","CRUZ VERDE",NA,"PUENTE ALTO","","CRUZ VERDE","CRUZ VERDE",1.15
"416","416","CRUZ VERDE",NA,"PUENTE ALTO","","CRUZ VERDE","CRUZ VERDE",1.15
"417","417","CRUZ VERDE",NA,"PUENTE ALTO","","CRUZ VERDE","CRUZ VERDE",1.15
"418","418","CRUZ VERDE",NA,"PUENTE ALTO","","CRUZ VERDE","CRUZ VERDE",1.15
"419","419","CRUZ VERDE",NA,"PUENTE ALTO","","CRUZ VERDE","CRUZ VERDE",1.15
"420","420","CRUZ VERDE",NA,"PUENTE ALTO","","CRUZ VERDE","CRUZ VERDE",1.15
"421","421","CRUZ VERDE",NA,"PUENTE ALTO","","CRUZ VERDE","CRUZ VERDE",1.15
"422","422","CRUZ VERDE",NA,"PUENTE ALTO","","CRUZ VERDE","CRUZ VERDE",1.15
"423","423","J M",NA,"PUENTE ALTO","","J M","OTRO",1
"424","424","DEL DR. SIMI",NA,"PUENTE ALTO","","DEL DR. SIMI","OTRO",1
"425","425","FULLFARMA",NA,"PUENTE ALTO","","FULLFARMA","OTRO",1
"426","426","SALUD FARMA",NA,"PUENTE ALTO","","SALUD FARMA","OTRO",1
"427","427","LOS PALTOS",NA,"PUENTE ALTO","","LOS PALTOS","OTRO",1
"428","428","MEDDICA",NA,"PUENTE ALTO","","MEDDICA","OTRO",1
"429","429","PATRICIO",NA,"PUENTE ALTO","","PATRICIO","OTRO",1
"430","430","PATRICIO",NA,"PUENTE ALTO","","PATRICIO","OTRO",1
"431","431","DONDE'L LORITO",NA,"PUENTE ALTO","","DONDE'L LORITO","OTRO",1
"432","432","SALCOBRAND",NA,"PUENTE ALTO","","SALCOBRAND","SALCOBRAND",1.2
"433","433","SALCOBRAND",NA,"PUENTE ALTO","","SALCOBRAND","SALCOBRAND",1.2
"434","434","SALCOBRAND",NA,"QUILICURA","","SALCOBRAND","SALCOBRAND",1.2
"435","435","AHUMADA",NA,"QUILICURA","","AHUMADA","AHUMADA",1.1
"436","436","AHUMADA",NA,"QUILICURA","","AHUMADA","AHUMADA",1.1
"437","437","BELEN",NA,"QUILICURA","","BELEN","OTRO",1
"438","438","BELEN",NA,"QUILICURA","","BELEN","OTRO",1
"439","439","CRUZ VERDE",NA,"QUILICURA","","CRUZ VERDE","CRUZ VERDE",1.15
"440","440","CRUZ VERDE",NA,"QUILICURA","","CRUZ VERDE","CRUZ VERDE",1.15
"441","441","NUEVA REAL",NA,"QUILICURA","","NUEVA REAL","OTRO",1
"442","442","SCANDIC",NA,"QUILICURA","","SCANDIC","OTRO",1
"443","443","SALCOBRAND",NA,"QUILICURA","","SALCOBRAND","SALCOBRAND",1.2
"444","444","AHUMADA",NA,"QUINTA NORMAL","","AHUMADA","AHUMADA",1.1
"445","445","CRUZ VERDE",NA,"QUINTA NORMAL","","CRUZ VERDE","CRUZ VERDE",1.15
"446","446","EMIFAR",NA,"QUINTA NORMAL","","EMIFAR","OTRO",1
"447","447","MACARENA",NA,"QUINTA NORMAL","","MACARENA","OTRO",1
"448","448","MENDOZA",NA,"QUINTA NORMAL","","MENDOZA","OTRO",1
"449","449","MEVIC",NA,"QUINTA NORMAL","","MEVIC","OTRO",1
"450","450","MYPHARMA",NA,"QUINTA NORMAL","","MYPHARMA","OTRO",1
"451","451","AHUMADA",NA,"RECOLETA","","AHUMADA","AHUMADA",1.1
"452","452","AHUMADA",NA,"RECOLETA","","AHUMADA","AHUMADA",1.1
"453","453","B P M",NA,"RECOLETA","","B P M","OTRO",1
"454","454","CRUZ DEL NORTE",NA,"RECOLETA","","CRUZ DEL NORTE","OTRO",1
"455","455","FARMARKET",NA,"RECOLETA","","FARMARKET","OTRO",1
"456","456","CRUZ VERDE",NA,"RECOLETA","","CRUZ VERDE","CRUZ VERDE",1.15
"457","457","CRUZ VERDE",NA,"RECOLETA","","CRUZ VERDE","CRUZ VERDE",1.15
"458","458","MARSIL",NA,"RECOLETA","","MARSIL","OTRO",1
"459","459","EL SALTO",NA,"RECOLETA","","EL SALTO","OTRO",1
"460","460","AHUMADA",NA,"RENCA","","AHUMADA","AHUMADA",1.1
"461","461","CRUZ VERDE",NA,"RENCA","","CRUZ VERDE","CRUZ VERDE",1.15
"462","462","CRUZ VERDE",NA,"RENCA","","CRUZ VERDE","CRUZ VERDE",1.15
"463","463","MEDDICA",NA,"RENCA","","MEDDICA","OTRO",1
"464","464","DONDE'L LORITO",NA,"RENCA","","DONDE'L LORITO","OTRO",1
"465","465","SALCOBRAND",NA,"RENCA","","SALCOBRAND","SALCOBRAND",1.2
"466","466","SALCOBRAND",NA,"SAN BERNARDO","","SALCOBRAND","SALCOBRAND",1.2
"467","467","SALCOBRAND",NA,"SAN BERNARDO","","SALCOBRAND","SALCOBRAND",1.2
"468","468","SALCOBRAND",NA,"SAN BERNARDO","","SALCOBRAND","SALCOBRAND",1.2
"469","469","SALCOBRAND",NA,"SAN BERNARDO","","SALCOBRAND","SALCOBRAND",1.2
"470","470","SALCOBRAND",NA,"SAN BERNARDO","","SALCOBRAND","SALCOBRAND",1.2
"471","471","AHUMADA",NA,"SAN BERNARDO","","AHUMADA","AHUMADA",1.1
"472","472","AHUMADA",NA,"SAN BERNARDO","","AHUMADA","AHUMADA",1.1
"473","473","BELEN",NA,"SAN BERNARDO","","BELEN","OTRO",1
"474","474","CRUZ VERDE",NA,"SAN BERNARDO","","CRUZ VERDE","CRUZ VERDE",1.15
"475","475","CRUZ VERDE",NA,"SAN BERNARDO","","CRUZ VERDE","CRUZ VERDE",1.15
"476","476","CRUZ VERDE",NA,"SAN BERNARDO","","CRUZ VERDE","CRUZ VERDE",1.15
"477","477","CRUZ VERDE",NA,"SAN BERNARDO","","CRUZ VERDE","CRUZ VERDE",1.15
"478","478","CRUZ VERDE",NA,"SAN BERNARDO","","CRUZ VERDE","CRUZ VERDE",1.15
"479","479","LOS ALMENDROS",NA,"SAN BERNARDO","","LOS ALMENDROS","OTRO",1
"480","480","LOS OLIVOS",NA,"SAN BERNARDO","","LOS OLIVOS","OTRO",1
"481","481","LA BOTIKA",NA,"SAN JOAQUIN","","LA BOTIKA","OTRO",1
"482","482","DAMYFAR",NA,"SAN JOAQUIN","","DAMYFAR","OTRO",1
"483","483","DEL DR. SIMI",NA,"SAN JOAQUIN","","DEL DR. SIMI","OTRO",1
"484","484","FARMAVIDA",NA,"SAN JOAQUIN","","FARMAVIDA","OTRO",1
"485","485","THERAPIA IV",NA,"SAN JOAQUIN","","THERAPIA IV","OTRO",1
"486","486","SAN ANDRES",NA,"SAN JOSE DE MAIPO","","SAN ANDRES","OTRO",1
"487","487","SALCOBRAND",NA,"SAN MIGUEL","","SALCOBRAND","SALCOBRAND",1.2
"488","488","SALCOBRAND",NA,"SAN MIGUEL","","SALCOBRAND","SALCOBRAND",1.2
"489","489","AHUMADA",NA,"SAN MIGUEL","","AHUMADA","AHUMADA",1.1
"490","490","AHUMADA",NA,"SAN MIGUEL","","AHUMADA","AHUMADA",1.1
"491","491","CARYVON",NA,"SAN MIGUEL","","CARYVON","OTRO",1
"492","492","CRUZ VERDE",NA,"SAN MIGUEL","","CRUZ VERDE","CRUZ VERDE",1.15
"493","493","CRUZ VERDE",NA,"SAN MIGUEL","","CRUZ VERDE","CRUZ VERDE",1.15
"494","494","CRUZ VERDE",NA,"SAN MIGUEL","","CRUZ VERDE","CRUZ VERDE",1.15
"495","495","CRUZ VERDE",NA,"SAN MIGUEL","","CRUZ VERDE","CRUZ VERDE",1.15
"496","496","SAN JOSE",NA,"SAN MIGUEL","","SAN JOSE","OTRO",1
"497","497","SALCOBRAND",NA,"SAN MIGUEL","","SALCOBRAND","SALCOBRAND",1.2
"498","498","CRUZ VERDE",NA,"SAN RAMON","","CRUZ VERDE","CRUZ VERDE",1.15
"499","499","MANRIQUEZ",NA,"SAN RAMON","","MANRIQUEZ","OTRO",1
"500","500","DEL DR. SIMI",NA,"SAN RAMON","","DEL DR. SIMI","OTRO",1
"501","501","SALCOBRAND",NA,"SANTIAGO","","SALCOBRAND","SALCOBRAND",1.2
"502","502","SALCOBRAND",NA,"SANTIAGO","","SALCOBRAND","SALCOBRAND",1.2
"503","503","SALCOBRAND",NA,"SANTIAGO","","SALCOBRAND","SALCOBRAND",1.2
"504","504","SALCOBRAND",NA,"SANTIAGO","","SALCOBRAND","SALCOBRAND",1.2
"505","505","SALCOBRAND",NA,"SANTIAGO","","SALCOBRAND","SALCOBRAND",1.2
"506","506","SALCOBRAND",NA,"SANTIAGO","","SALCOBRAND","SALCOBRAND",1.2
"507","507","SALCOBRAND",NA,"SANTIAGO","","SALCOBRAND","SALCOBRAND",1.2
"508","508","SALCOBRAND",NA,"SANTIAGO","","SALCOBRAND","SALCOBRAND",1.2
"509","509","SALCOBRAND",NA,"SANTIAGO","","SALCOBRAND","SALCOBRAND",1.2
"510","510","SALCOBRAND",NA,"SANTIAGO","","SALCOBRAND","SALCOBRAND",1.2
"511","511","SALCOBRAND",NA,"SANTIAGO","","SALCOBRAND","SALCOBRAND",1.2
"512","512","SALCOBRAND",NA,"SANTIAGO","","SALCOBRAND","SALCOBRAND",1.2
"513","513","AHUMADA",NA,"SANTIAGO","","AHUMADA","AHUMADA",1.1
"514","514","AHUMADA",NA,"SANTIAGO","","AHUMADA","AHUMADA",1.1
"515","515","AHUMADA",NA,"SANTIAGO","","AHUMADA","AHUMADA",1.1
"516","516","CRUZ VERDE",NA,"SANTIAGO","","CRUZ VERDE","CRUZ VERDE",1.15
"517","517","CRUZ VERDE",NA,"SANTIAGO","","CRUZ VERDE","CRUZ VERDE",1.15
"518","518","CRUZ VERDE",NA,"SANTIAGO","","CRUZ VERDE","CRUZ VERDE",1.15
"519","519","CRUZ VERDE",NA,"SANTIAGO","","CRUZ VERDE","CRUZ VERDE",1.15
"520","520","CRUZ VERDE",NA,"SANTIAGO","","CRUZ VERDE","CRUZ VERDE",1.15
"521","521","CRUZ VERDE",NA,"SANTIAGO","","CRUZ VERDE","CRUZ VERDE",1.15
"522","522","CRUZ VERDE",NA,"SANTIAGO","","CRUZ VERDE","CRUZ VERDE",1.15
"523","523","CRUZ VERDE",NA,"SANTIAGO","","CRUZ VERDE","CRUZ VERDE",1.15
"524","524","CRUZ VERDE",NA,"SANTIAGO","","CRUZ VERDE","CRUZ VERDE",1.15
"525","525","CRUZ VERDE",NA,"SANTIAGO","","CRUZ VERDE","CRUZ VERDE",1.15
"526","526","CRUZ VERDE",NA,"SANTIAGO","","CRUZ VERDE","CRUZ VERDE",1.15
"527","527","CRUZ VERDE",NA,"SANTIAGO","","CRUZ VERDE","CRUZ VERDE",1.15
"528","528","CRUZ VERDE",NA,"SANTIAGO","","CRUZ VERDE","CRUZ VERDE",1.15
"529","529","DEL DR. SIMI",NA,"SANTIAGO","","DEL DR. SIMI","OTRO",1
"530","530","BELEN",NA,"SANTIAGO","","BELEN","OTRO",1
"531","531","DEL DR. SIMI",NA,"SANTIAGO","","DEL DR. SIMI","OTRO",1
"532","532","FARMAX",NA,"SANTIAGO","","FARMAX","OTRO",1
"533","533","LA BOTICA  SALCOBRAND",NA,"SANTIAGO","","LA BOTICA  SALCOBRAND","OTRO",1
"534","534","NOBEL",NA,"SANTIAGO","","NOBEL","OTRO",1
"535","535","MAVI",NA,"SANTIAGO","","MAVI","OTRO",1
"536","536","REDFARMA",NA,"SANTIAGO","","REDFARMA","OTRO",1
"537","537","REDFARMA",NA,"SANTIAGO","","REDFARMA","OTRO",1
"538","538","VALDIVIESO",NA,"SANTIAGO","","VALDIVIESO","OTRO",1
"539","539","VANIA",NA,"SANTIAGO","","VANIA","OTRO",1
"540","540","CRUZ VERDE",NA,"SANTIAGO","","CRUZ VERDE","CRUZ VERDE",1.15
"541","541","NUEVA BOGOTA",NA,"SANTIAGO","","NUEVA BOGOTA","OTRO",1
"542","542","SALCOBRAND",NA,"TALAGANTE","","SALCOBRAND","SALCOBRAND",1.2
"543","543","SAN PATRICIO",NA,"MAIPU","","SAN PATRICIO","OTRO",1
"544","544","AHUMADA",NA,"TALAGANTE","","AHUMADA","AHUMADA",1.1
"545","545","CRUZ VERDE",NA,"TALAGANTE","","CRUZ VERDE","CRUZ VERDE",1.15
"546","546","AHUMADA",NA,"TALAGANTE","","AHUMADA","AHUMADA",1.1
"547","547","CRUZ VERDE",NA,"TALAGANTE","","CRUZ VERDE","CRUZ VERDE",1.15
"548","548","MI FARMACIA",NA,"TALAGANTE","","MI FARMACIA","OTRO",1
"549","549","FARMA-MARKET",NA,"TALAGANTE","","FARMA-MARKET","OTRO",1
"550","550","BELEN",NA,"TIL-TIL","","BELEN","OTRO",1
"551","551","SALCOBRAND",NA,"VITACURA","","SALCOBRAND","SALCOBRAND",1.2
"552","552","SALCOBRAND",NA,"VITACURA","","SALCOBRAND","SALCOBRAND",1.2
"553","553","SALCOBRAND",NA,"VITACURA","","SALCOBRAND","SALCOBRAND",1.2
"554","554","SALCOBRAND",NA,"VITACURA","","SALCOBRAND","SALCOBRAND",1.2
"555","555","SALCOBRAND",NA,"VITACURA","","SALCOBRAND","SALCOBRAND",1.2
"556","556","SALCOBRAND",NA,"VITACURA","","SALCOBRAND","SALCOBRAND",1.2
"557","557","AHUMADA",NA,"VITACURA","","AHUMADA","AHUMADA",1.1
"558","558","AHUMADA",NA,"VITACURA","","AHUMADA","AHUMADA",1.1
"559","559","AHUMADA",NA,"VITACURA","","AHUMADA","AHUMADA",1.1
"560","560","AHUMADA",NA,"VITACURA","","AHUMADA","AHUMADA",1.1
"561","561","AHUMADA",NA,"VITACURA","","AHUMADA","AHUMADA",1.1
"562","562","CRUZ VERDE",NA,"VITACURA","","CRUZ VERDE","CRUZ VERDE",1.15
"563","563","CRUZ VERDE",NA,"VITACURA","","CRUZ VERDE","CRUZ VERDE",1.15
"564","564","CRUZ VERDE",NA,"VITACURA","","CRUZ VERDE","CRUZ VERDE",1.15
"565","565","CRUZ VERDE",NA,"VITACURA","","CRUZ VERDE","CRUZ VERDE",1.15
"566","566","CRUZ VERDE",NA,"VITACURA","","CRUZ VERDE","CRUZ VERDE",1.15
"567","567","CRUZ VERDE",NA,"VITACURA","","CRUZ VERDE","CRUZ VERDE",1.15
"568","568","CRUZ VERDE",NA,"VITACURA","","CRUZ VERDE","CRUZ VERDE",1.15
"569","569","CRUZ VERDE",NA,"PENALOLEN","","CRUZ VERDE","CRUZ VERDE",1.15
"570","570","AHUMADA",NA,"SAN MIGUEL","","AHUMADA","AHUMADA",1.1
"571","571","CRUZ VERDE",NA,"SANTIAGO","","CRUZ VERDE","CRUZ VERDE",1.15
"572","572","CRUZ VERDE",NA,"COLINA","","CRUZ VERDE","CRUZ VERDE",1.15
"573","573","SALCOBRAND",NA,"QUILICURA","","SALCOBRAND","SALCOBRAND",1.2
"574","574","AHUMADA",NA,"PUENTE ALTO","","AHUMADA","AHUMADA",1.1
"575","575","SALCOBRAND",NA,"PAINE","","SALCOBRAND","SALCOBRAND",1.2
"576","576","ESTRELLA",NA,"SAN JOAQUIN","","ESTRELLA","OTRO",1
"577","577","YORUGUA",NA,"LA FLORIDA","","YORUGUA","OTRO",1
"578","578","AHUMADA",NA,"LAS CONDES","","AHUMADA","AHUMADA",1.1
"579","579","CRUZ VERDE",NA,"PROVIDENCIA","","CRUZ VERDE","CRUZ VERDE",1.15
"580","580","AHUMADA",NA,"SAN BERNARDO","","AHUMADA","AHUMADA",1.1
"581","581","JUMBO",NA,"LAS CONDES","","JUMBO","OTRO",1
"582","582","AHUMADA",NA,"SAN JOAQUIN","","AHUMADA","AHUMADA",1.1
"583","583","SALCOBRAND",NA,"MAIPU","","SALCOBRAND","SALCOBRAND",1.2
"584","584","CRUZ VERDE",NA,"RECOLETA","","CRUZ VERDE","CRUZ VERDE",1.15
"585","585","CRUZ VERDE",NA,"LO BARNECHEA","","CRUZ VERDE","CRUZ VERDE",1.15
"586","586","NETFARMA",NA,"PUDAHUEL","","NETFARMA","OTRO",1
"587","587","SALCOBRAND",NA,"VITACURA","","SALCOBRAND","SALCOBRAND",1.2
"588","588","SALCOBRAND",NA,"LA REINA","","SALCOBRAND","SALCOBRAND",1.2
"589","589","CRUZ VERDE",NA,"SAN BERNARDO","","CRUZ VERDE","CRUZ VERDE",1.15
"590","590","AHUMADA",NA,"LA REINA","","AHUMADA","AHUMADA",1.1
"591","591","CRUZ VERDE",NA,"LA REINA","","CRUZ VERDE","CRUZ VERDE",1.15
"592","592","AHUMADA",NA,"LAS CONDES","","AHUMADA","AHUMADA",1.1
"593","593","CRUZ VERDE",NA,"VITACURA","","CRUZ VERDE","CRUZ VERDE",1.15
"594","594","CRUZ VERDE",NA,"PUENTE ALTO","","CRUZ VERDE","CRUZ VERDE",1.15
"595","595","AHUMADA",NA,"VITACURA","","AHUMADA","AHUMADA",1.1
"596","596","SALCOBRAND",NA,"SANTIAGO","","SALCOBRAND","SALCOBRAND",1.2
"597","597","LATINOAMERICANA",NA,"RECOLETA","","LATINOAMERICANA","OTRO",1
"598","598","CRUZ VERDE",NA,"VITACURA","","CRUZ VERDE","CRUZ VERDE",1.15
"599","599","SALCOBRAND",NA,"PROVIDENCIA","","SALCOBRAND","SALCOBRAND",1.2
"600","600","AHUMADA",NA,"LA PINTANA","","AHUMADA","AHUMADA",1.1
"601","601","AHUMADA",NA,"LA FLORIDA","","AHUMADA","AHUMADA",1.1
"602","602","CRUZ VERDE",NA,"NUNOA","","CRUZ VERDE","CRUZ VERDE",1.15
"603","603","SALCOBRAND",NA,"SAN BERNARDO","","SALCOBRAND","SALCOBRAND",1.2
"604","604","AHUMADA",NA,"CERRILLOS","","AHUMADA","AHUMADA",1.1
"605","605","AHUMADA",NA,"MELIPILLA","","AHUMADA","AHUMADA",1.1
"606","606","CRUZ VERDE",NA,"LA REINA","","CRUZ VERDE","CRUZ VERDE",1.15
"607","607","DR SIMI",NA,"SANTIAGO","","DR SIMI","OTRO",1
"608","608","FARMAMARKET",NA,"ISLA DE MAIPO","","FARMAMARKET","OTRO",1
"609","609","LINCE",NA,"PROVIDENCIA","","LINCE","OTRO",1
"610","610","AHUMADA",NA,"SAN BERNARDO","","AHUMADA","AHUMADA",1.1
"611","611","CRUZ VERDE",NA,"PUENTE ALTO","","CRUZ VERDE","CRUZ VERDE",1.15
"612","612","CRUZ VERDE",NA,"NUNOA","","CRUZ VERDE","CRUZ VERDE",1.15
"613","613","SALCOBRAND",NA,"QUILICURA","","SALCOBRAND","SALCOBRAND",1.2
"614","614","SALCOBRAND",NA,"PROVIDENCIA","","SALCOBRAND","SALCOBRAND",1.2
"615","615","SALCOBRAND",NA,"LO BARNECHEA","","SALCOBRAND","SALCOBRAND",1.2
"616","616","AHUMADA",NA,"NUNOA","","AHUMADA","AHUMADA",1.1
"617","617","LATINOAMERICANA",NA,"NUNOA","","LATINOAMERICANA","OTRO",1
"618","618","CRUZ VERDE",NA,"LA REINA","","CRUZ VERDE","CRUZ VERDE",1.15
"619","619","AHUMADA",NA,"LO BARNECHEA","","AHUMADA","AHUMADA",1.1
"620","620","SALCOBRAND",NA,"NUNOA","","SALCOBRAND","SALCOBRAND",1.2
"621","621","SALCOBRAND",NA,"COLINA","","SALCOBRAND","SALCOBRAND",1.2
"622","622","CRUZ VERDE",NA,"CERRILLOS","","CRUZ VERDE","CRUZ VERDE",1.15
"623","623","AHUMADA",NA,"COLINA","","AHUMADA","AHUMADA",1.1
"624","624","SALCOBRAND",NA,"MAIPU","","SALCOBRAND","SALCOBRAND",1.2
"625","625","LOS ORIENTALES",NA,"NUNOA","","LOS ORIENTALES","OTRO",1
"626","626","AHUMADA",NA,"HUECHURABA","","AHUMADA","AHUMADA",1.1
"627","627","CRUZ VERDE",NA,"ESTACION CENTRAL","","CRUZ VERDE","CRUZ VERDE",1.15
"628","628","SALCOBRAND",NA,"NUNOA","","SALCOBRAND","SALCOBRAND",1.2
"629","629","CRUZ VERDE",NA,"NUNOA","","CRUZ VERDE","CRUZ VERDE",1.15
"630","630","OMLU",NA,"CALERA DE TANGO","","OMLU","OTRO",1
"631","631","AHUMADA",NA,"LAS CONDES","","AHUMADA","AHUMADA",1.1
"632","632","SALCOBRAND",NA,"SAN BERNARDO","","SALCOBRAND","SALCOBRAND",1.2
"633","633","PRAT",NA,"SAN BERNARDO","","PRAT","OTRO",1
"634","634","AHUMADA",NA,"COLINA","","AHUMADA","AHUMADA",1.1
"635","635","CRUZ VERDE",NA,"PADRE HURTADO","","CRUZ VERDE","CRUZ VERDE",1.15
"636","636","MANRIQUEZ",NA,"SAN RAMON","","MANRIQUEZ","OTRO",1
"637","637","SALCOBRAND",NA,"SANTIAGO","","SALCOBRAND","SALCOBRAND",1.2
"638","638","SALCOBRAND",NA,"NUNOA","","SALCOBRAND","SALCOBRAND",1.2
"639","639","CRUZ VERDE",NA,"SANTIAGO","","CRUZ VERDE","CRUZ VERDE",1.15
"640","640","CRUZ VERDE",NA,"NUNOA","","CRUZ VERDE","CRUZ VERDE",1.15
"641","641","SOLUFAR",NA,"HUECHURABA","","SOLUFAR","OTRO",1
"642","642","SALCOBRAND",NA,"LA FLORIDA","","SALCOBRAND","SALCOBRAND",1.2
"643","643","CRUZ VERDE",NA,"NUNOA","","CRUZ VERDE","CRUZ VERDE",1.15
"644","644","CRUZ VERDE",NA,"PUENTE ALTO","","CRUZ VERDE","CRUZ VERDE",1.15
"645","645","MEDDICA",NA,"SANTIAGO","","MEDDICA","OTRO",1
"646","646","MEDDICA",NA,"QUILICURA","","MEDDICA","OTRO",1
"647","647","ESMERALDA",NA,"COLINA","","ESMERALDA","OTRO",1
"648","648","CRUZ VERDE",NA,"LO PRADO","","CRUZ VERDE","CRUZ VERDE",1.15
"649","649","FARMAS",NA,"MAIPU","","FARMAS","OTRO",1
"650","650","CRUZ VERDE",NA,"PROVIDENCIA","","CRUZ VERDE","CRUZ VERDE",1.15
"651","651","CRUZ VERDE",NA,"PROVIDENCIA","","CRUZ VERDE","CRUZ VERDE",1.15
"652","652","MEDDICA",NA,"SANTIAGO","","MEDDICA","OTRO",1
"653","653","FARMA TOTAL",NA,"SANTIAGO","","FARMA TOTAL","OTRO",1
"654","654","CRUZ VERDE",NA,"PADRE HURTADO","","CRUZ VERDE","CRUZ VERDE",1.15
"655","655","SEGAL",NA,"EL BOSQUE","","SEGAL","OTRO",1
"656","656","DEL DR SIMI",NA,"LAMPA","","DEL DR SIMI","OTRO",1
"657","657","AHUMADA",NA,"INDEPENDENCIA","","AHUMADA","AHUMADA",1.1
"658","658","FARMAHORRO",NA,"LA GRANJA","","FARMAHORRO","OTRO",1
"659","659","ECONOFARMA",NA,"MAIPU","","ECONOFARMA","OTRO",1
"660","660","SALCOBRAND",NA,"SAN MIGUEL","","SALCOBRAND","SALCOBRAND",1.2
"661","661","LA BOTICA ITALIA",NA,"PROVIDENCIA","","LA BOTICA ITALIA","OTRO",1
"662","662","AHUMADA",NA,"PENALOLEN","","AHUMADA","AHUMADA",1.1
"663","663","OMEGA",NA,"LA FLORIDA","","OMEGA","OTRO",1
"664","664","CRUZ VERDE",NA,"LAS CONDES","","CRUZ VERDE","CRUZ VERDE",1.15
"665","665","KNOP",NA,"HUECHURABA","","KNOP","OTRO",1
"666","666","JUMBO EL LLANO J513",NA,"SAN MIGUEL","","JUMBO EL LLANO J513","OTRO",1
"667","667","CRUZ VERDE",NA,"LA FLORIDA","","CRUZ VERDE","CRUZ VERDE",1.15
"668","668","SALCOBRAND",NA,"LAS CONDES","","SALCOBRAND","SALCOBRAND",1.2
"669","669","FARMATOTAL",NA,"PROVIDENCIA","","FARMATOTAL","OTRO",1
"670","670","JUMBO",NA,"PENALOLEN","","JUMBO","OTRO",1
"671","671","CRUZ VERDE",NA,"PROVIDENCIA","","CRUZ VERDE","CRUZ VERDE",1.15
"672","672","SALCOBRAND",NA,"LAS CONDES","","SALCOBRAND","SALCOBRAND",1.2
"673","673","CRUZ VERDE",NA,"CALERA DE TANGO","","CRUZ VERDE","CRUZ VERDE",1.15
"674","674","SALCOBRAND",NA,"QUILICURA","","SALCOBRAND","SALCOBRAND",1.2
"675","675","IBIZA",NA,"MAIPU","","IBIZA","OTRO",1
"676","676","SAINT GERMAIN",NA,"MAIPU","","SAINT GERMAIN","OTRO",1
"677","677","DEL CARMEN",NA,"MAIPU","","DEL CARMEN","OTRO",1
"678","678","SALCOBRAND",NA,"COLINA","","SALCOBRAND","SALCOBRAND",1.2
"679","679","AHUMADA",NA,"LA FLORIDA","","AHUMADA","AHUMADA",1.1
"680","680","ISLEiEEA",NA,"ISLA DE MAIPO","","ISLEiEEA","OTRO",1
"681","681","DiEEAZ",NA,"LO PRADO","","DiEEAZ","OTRO",1
"682","682","AHUMADA",NA,"LA FLORIDA","","AHUMADA","AHUMADA",1.1
"683","683","AHUMADA",NA,"NUNOA","","AHUMADA","AHUMADA",1.1
"684","684","AHUMADA",NA,"SANTIAGO","","AHUMADA","AHUMADA",1.1
"685","685","AHUMADA",NA,"BUIN","","AHUMADA","AHUMADA",1.1
"686","686","AHUMADA",NA,"RENCA","","AHUMADA","AHUMADA",1.1
"687","687","AHUMADA",NA,"PROVIDENCIA","","AHUMADA","AHUMADA",1.1
"688","688","FARMAMARKET",NA,"PENAFLOR","","FARMAMARKET","OTRO",1
"689","689","SOLUFAR",NA,"CERRILLOS","","SOLUFAR","OTRO",1
"690","690","VALVIC",NA,"PADRE HURTADO","","VALVIC","OTRO",1
"691","691","BELEN",NA,"PUDAHUEL","","BELEN","OTRO",1
"692","692","MEDICAL STORES",NA,"PUDAHUEL","","MEDICAL STORES","OTRO",1
"693","693","SU SALUD",NA,"SANTIAGO","","SU SALUD","OTRO",1
"694","694","LEMBACH",NA,"COLINA","","LEMBACH","OTRO",1
"695","695","DEL DR. SIMI",NA,"INDEPENDENCIA","","DEL DR. SIMI","OTRO",1
"696","696","CRUZ VERDE",NA,"LAS CONDES","","CRUZ VERDE","CRUZ VERDE",1.15
"697","697","CRUZ VERDE",NA,"HUECHURABA","","CRUZ VERDE","CRUZ VERDE",1.15
"698","698","SALCOBRAND",NA,"MACUL","","SALCOBRAND","SALCOBRAND",1.2
"699","699","CRUZ VERDE",NA,"TALAGANTE","","CRUZ VERDE","CRUZ VERDE",1.15
"700","700","DEL DR. SIMI",NA,"LA FLORIDA","","DEL DR. SIMI","OTRO",1
"701","701","DEL CARMEN",NA,"MAIPU","","DEL CARMEN","OTRO",1
"702","702","CRUZ VERDE",NA,"CERRILLOS","","CRUZ VERDE","CRUZ VERDE",1.15
"703","703","FARMATOP",NA,"PADRE HURTADO","","FARMATOP","OTRO",1
"704","704","ECONOFARMA",NA,"CONCHALI","","ECONOFARMA","OTRO",1
"705","705","CRUZ VERDE",NA,"QUILICURA","","CRUZ VERDE","CRUZ VERDE",1.15
"706","706","HERRERA",NA,"PUENTE ALTO","","HERRERA","OTRO",1
"707","707","JUMBO MAIPU",NA,"MAIPU","","JUMBO MAIPU","OTRO",1
"708","708","DEL DR. SIMI",NA,"LA FLORIDA","","DEL DR. SIMI","OTRO",1
"709","709","DEL DR. SIMI",NA,"ESTACION CENTRAL","","DEL DR. SIMI","OTRO",1
"710","710","CRUZ VERDE",NA,"PENAFLOR","","CRUZ VERDE","CRUZ VERDE",1.15
"711","711","CRUZ VERDE",NA,"VITACURA","","CRUZ VERDE","CRUZ VERDE",1.15
"712","712","DEL DR. SIMI",NA,"SANTIAGO","","DEL DR. SIMI","OTRO",1
"713","713","SALCOBRAND",NA,"COLINA","","SALCOBRAND","SALCOBRAND",1.2
"714","Metropolitano Sur","",NA,"","Zona Sur","","COMUNA",1
"715","Metropolitano Central","",NA,"","Zona Central","","COMUNA",1
"716","Metropolitano Occidente","",NA,"","Zona Occidente","","COMUNA",1
"717","Metropolitano Norte","",NA,"","Zona Norte","","COMUNA",1
"718","Metropolitano Suroriente","",NA,"","Zona Suroriente","","COMUNA",1
"719","Metropolitano Oriente","",NA,"","Zona Oriente","","COMUNA",1
