Id,Label,timeset,farmacia,latitude,longitude,Zona,Farm
1,AHUMADA,,BUIN,-33.732,-70.735941,,AHUMADA
2,BUIN,,BUIN,-33.729515,-70.739232,,BUIN
3,CRUZ VERDE,,BUIN,-33.733423,-70.737859,,CRUZ VERDE
4,EL ALBA,,BUIN,-33.761703,-70.735348,,EL ALBA
5,PLAZA BUIN,,BUIN,-33.732228,-70.748244,,PLAZA BUIN
6,SALCOBRAND,,BUIN,-33.730963,-70.774937,,SALCOBRAND
7,CALERA DE TANGO,,CALERA DE TANGO,-33.629789,-70.762771,,CALERA DE TANGO
8,CRUZ VERDE,,CALERA DE TANGO,-33.573438,-70.768774,,CRUZ VERDE
9,AHUMADA,,CERRILLOS,-33.518821,-70.707453,,AHUMADA
10,CRUZ VERDE,,CERRILLOS,-33.515827,-70.71547,,CRUZ VERDE
11,LA FE,,CERRILLOS,-33.504598,-70.71962,,LA FE
12,VILLA MEXICO,,CERRILLOS,-33.509773,-70.731929,,VILLA MEXICO
13,SALCOBRAND,,CERRILLOS,-33.515049,-70.717181,,SALCOBRAND
14,DAVIFAR,,CERRO NAVIA,-33.429131,-70.726508,,DAVIFAR
15,LAS TORRES,,CERRO NAVIA,-33.428999,-70.730842,,LAS TORRES
16,SANTO THOMAS,,CERRO NAVIA,-33.429812,-70.740262,,SANTO THOMAS
17,SILVA,,CERRO NAVIA,-33.416828,-70.75024,,SILVA
18,LA UNION,,CERRO NAVIA,-33.416666,-70.756012,,LA UNION
19,NEPTUNO,,CERRO NAVIA,-33.430582,-70.720156,,NEPTUNO
20,AHUMADA,,COLINA,-33.285167,-70.680634,,AHUMADA
21,AHUMADA,,COLINA,-33.276682,-70.628112,,AHUMADA
22,AHUMADA,,COLINA,-33.20679,-70.677604,,AHUMADA
23,BELEN,,COLINA,-33.201996,-70.673851,,BELEN
24,CRUZ VERDE,,COLINA,-33.204402,-70.676177,,CRUZ VERDE
25,CRUZ VERDE,,COLINA,-33.206653,-70.67745,,CRUZ VERDE
26,NUEVA REAL,,COLINA,-33.204546,-70.675481,,NUEVA REAL
27,SAN MARTIN,,COLINA,-33.204707,-70.675653,,SAN MARTIN
28,SALCOBRAND,,COLINA,-33.28584,-70.675528,,SALCOBRAND
29,SALCOBRAND,,COLINA,-33.286342,-70.675789,,SALCOBRAND
30,AHUMADA,,CONCHALI,-33.391512,-70.675618,,AHUMADA
31,AHUMADA,,CONCHALI,-33.371545,-70.671232,,AHUMADA
32,BELEN,,CONCHALI,-33.369164,-70.688358,,BELEN
33,BELEN,,CONCHALI,-33.396802,-70.670782,,BELEN
34,BELEN,,CONCHALI,-33.384673,-70.680374,,BELEN
35,CRUZ VERDE,,CONCHALI,-33.373601,-70.681658,,CRUZ VERDE
36,CRUZ VERDE,,CONCHALI,-33.395801,-70.671745,,CRUZ VERDE
37,CRUZ VERDE,,CONCHALI,-33.384684,-70.680084,,CRUZ VERDE
38,CRUZ VERDE,,CURACAVI,-33.402767,-71.129139,,CRUZ VERDE
39,CURACAVI,,CURACAVI,-33.40257,-71.129915,,CURACAVI
40,EL SOL,,CURACAVI,-33.404934,-71.135298,,EL SOL
41,AHUMADA,,EL BOSQUE,-33.54579,-70.667759,,AHUMADA
42,ALAMEDA,,EL BOSQUE,-33.561121,-70.670763,,ALAMEDA
43,BELEN,,EL BOSQUE,-33.58241,-70.676809,,BELEN
44,BELEN,,EL BOSQUE,-33.582698,-70.676898,,BELEN
45,SALUD/CANAIMA,,EL BOSQUE,-33.55352,-70.660676,,SALUD/CANAIMA
46,CRUZ VERDE,,EL BOSQUE,-33.55402,-70.675009,,CRUZ VERDE
47,CRUZ VERDE,,EL BOSQUE,-33.55014,-70.671941,,CRUZ VERDE
48,CRUZ VERDE,,EL BOSQUE,-33.574529,-70.690897,,CRUZ VERDE
49,LOS MAQUIS,,EL BOSQUE,-33.561361,-70.663524,,LOS MAQUIS
50,SALCOBRAND,,EL BOSQUE,-33.545401,-70.668164,,SALCOBRAND
51,AHUMADA,,ESTACION CENTRAL,-33.457041,-70.70509,,AHUMADA
52,AHUMADA,,ESTACION CENTRAL,-33.452695,-70.69151,,AHUMADA
53,BELGO CHILENA,,ESTACION CENTRAL,-33.453930,-70.687752,,BELGO CHILENA
54,CARRERA,,ESTACION CENTRAL,-33.471008,-70.692411,,CARRERA
55,CRUZ VERDE,,ESTACION CENTRAL,-33.451139,-70.679883,,CRUZ VERDE
56,CRUZ VERDE,,ESTACION CENTRAL,-33.453339,-70.687819,,CRUZ VERDE
57,CRUZ VERDE,,ESTACION CENTRAL,-33.467564,-70.729965,,CRUZ VERDE
58,CRUZ VERDE,,ESTACION CENTRAL,-33.453006,-70.680365,,CRUZ VERDE
59,DEL DR. SIMI,,ESTACION CENTRAL,-33.454199,-70.692347,,DEL DR. SIMI
60,ELENA,,ESTACION CENTRAL,-33.465727,-70.708569,,ELENA
61,PURA SALUD,,ESTACION CENTRAL,-33.461825,-70.698417,,PURA SALUD
62,SALCOBRAND,,ESTACION CENTRAL,-33.450755,-70.679185,,SALCOBRAND
63,SALCOBRAND,,ESTACION CENTRAL,-33.451979,-70.682283,,SALCOBRAND
64,SALCOBRAND,,ESTACION CENTRAL,-33.453151,-70.687245,,SALCOBRAND
65,SALCOBRAND,,ESTACION CENTRAL,-33.453167,-70.68039,,SALCOBRAND
66,SALCOBRAND,,ESTACION CENTRAL,-33.451101,-70.679644,,SALCOBRAND
67,SALCOBRAND,,HUECHURABA,-33.368062,-70.678301,,SALCOBRAND
68,SALCOBRAND,,HUECHURABA,-33.368062,-70.678301,,SALCOBRAND
69,AHUMADA,,HUECHURABA,-33.368062,-70.678301,,AHUMADA
70,AHUMADA,,HUECHURABA,-33.351179,-70.670396,,AHUMADA
71,CRUZ VERDE,,HUECHURABA,-33.36799,-70.678378,,CRUZ VERDE
72,CRUZ VERDE,,HUECHURABA,-33.347738,-70.670353,,CRUZ VERDE
73,FARMAVIDA,,HUECHURABA,-33.376326,-70.637787,,FARMAVIDA
74,SALCOBRAND,,HUECHURABA,-33.348222,-70.670417,,SALCOBRAND
75,MEDDICA,,INDEPENDENCIA,-33.41751,-70.656496,,MEDDICA
76,CRUZ VERDE,,INDEPENDENCIA,-33.406802,-70.660646,,CRUZ VERDE
77,CRUZ VERDE,,INDEPENDENCIA,-33.419606,-70.663331,,CRUZ VERDE
78,CRUZ VERDE,,INDEPENDENCIA,-33.420034,-70.655933,,CRUZ VERDE
79,MAESTRE,,INDEPENDENCIA,-33.414275,-70.678147,,MAESTRE
80,NOVOA,,INDEPENDENCIA,-33.408777,-70.671801,,NOVOA
81,SANTA LAURA,,INDEPENDENCIA,-33.405615,-70.660912,,SANTA LAURA
82,VALLE DE VIDA,,INDEPENDENCIA,-33.407093,-70.660249,,VALLE DE VIDA
83,ECUANASER,,ISLA DE MAIPO,-33.745037,-70.864777,,ECUANASER
84,ECUANASER,,ISLA DE MAIPO,-33.754429,-70.900940,,ECUANASER
85,FARMAMARKET,,ISLA DE MAIPO,-33.756367,-70.896568,,FARMAMARKET
86,SALCOBRAND,,LA CISTERNA,-33.538005,-70.664369,,SALCOBRAND
87,AHUMADA,,LA CISTERNA,-33.538335,-70.663864,,AHUMADA
88,AHUMADA,,LA CISTERNA,-33.52358,-70.660504,,AHUMADA
89,BELEN,,LA CISTERNA,-33.5358487,-70.66409249999998,,BELEN
90,CRUZ VERDE,,LA CISTERNA,-33.538403,-70.664446,,CRUZ VERDE
91,DEL DR. SIMI,,LA CISTERNA,-33.5378,-70.663723,,DEL DR. SIMI
92,DEL DR. SIMI,,LA CISTERNA,-33.527418,-70.661756,,DEL DR. SIMI
93,MARTINEZ  ACUNA,,LA CISTERNA,-33.54348,-70.666708,,MARTINEZ  ACUNA
94,SALCOBRAND,,LA CISTERNA,-33.518528,-70.659275,,SALCOBRAND
95,MANRIQUEZ,,LA CISTERNA,-33.523955,-70.660611,,MANRIQUEZ
96,SALCOBRAND,,LA CISTERNA,-33.538229,-70.664881,,SALCOBRAND
97,AHUMADA,,LA FLORIDA,-33.511522,-70.590659,,AHUMADA
98,AHUMADA,,LA FLORIDA,-33.51988985915592,-70.59560333596801,,AHUMADA
99,AHUMADA,,LA FLORIDA,-33.516006,-70.5976,,AHUMADA
100,AHUMADA,,LA FLORIDA,-33.543243,-70.570288,,AHUMADA
101,AHUMADA,,LA FLORIDA,-33.535917,-70.555482,,AHUMADA
102,AHUMADA,,LA FLORIDA,-33.545723,-70.569232,,AHUMADA
103,AHUMADA,,LA FLORIDA,-33.510377,-70.608662,,AHUMADA
104,AHUMADA,,LA FLORIDA,-33.511162,-70.608098,,AHUMADA
105,AHUMADA,,LA FLORIDA,-33.515655,-70.606581,,AHUMADA
106,AHUMADA,,LA FLORIDA,-33.535135,-70.593341,,AHUMADA
107,AHUMADA,,LA FLORIDA,-33.543827,-70.58935,,AHUMADA
108,AHUMADA,,LA FLORIDA,-33.519608,-70.602804,,AHUMADA
109,AHUMADA,,LA FLORIDA,-33.522524,-70.579158,,AHUMADA
110,BELEN,,LA FLORIDA,-33.522497,-70.574622,,BELEN
111,C.A.,,LA FLORIDA,-33.539579,-70.603521,,C.A.
112,CRUZ VERDE,,LA FLORIDA,-33.522077,-70.597461,,CRUZ VERDE
113,CRUZ VERDE,,LA FLORIDA,-33.539606,-70.583173,,CRUZ VERDE
114,CRUZ VERDE,,LA FLORIDA,-33.539997,-70.571672,,CRUZ VERDE
115,CRUZ VERDE,,LA FLORIDA,-33.55396,-70.602718,,CRUZ VERDE
116,CRUZ VERDE,,LA FLORIDA,-33.534741,-70.554336,,CRUZ VERDE
117,CRUZ VERDE,,LA FLORIDA,-33.526927,-70.596404,,CRUZ VERDE
118,CRUZ VERDE,,LA FLORIDA,-33.553512,-70.586767,,CRUZ VERDE
119,CRUZ VERDE,,LA FLORIDA,-33.510715,-70.608632,,CRUZ VERDE
120,CRUZ VERDE,,LA FLORIDA,-33.51926,-70.600275,,CRUZ VERDE
121,CRUZ VERDE,,LA FLORIDA,-33.51926,-70.600275,,CRUZ VERDE
122,CRUZ VERDE,,LA FLORIDA,-33.546543,-70.588089,,CRUZ VERDE
123,CRUZ VERDE,,LA FLORIDA,-33.510449,-70.608448,,CRUZ VERDE
124,CRUZ VERDE,,LA FLORIDA,-33.522345,-70.579265,,CRUZ VERDE
125,DEL DR. SIMI,,LA FLORIDA,-33.521946,-70.579651,,DEL DR. SIMI
126,FARMA SUR,,LA FLORIDA,-33.560976,-70.610744,,FARMA SUR
127,JUMBO,,LA FLORIDA,-33.511162,-70.608098,,JUMBO
128,REDFARMA,,LA FLORIDA,-33.518724,-70.600416,,REDFARMA
129,REY FARMA,,LA FLORIDA,-33.557606,-70.59041,,REY FARMA
130,ROSARIO,,LA FLORIDA,-33.535457,-70.603641,,ROSARIO
131,ROTONDA  LA FLORIDA,,LA FLORIDA,-33.520682,-70.600015,,ROTONDA  LA FLORIDA
132,SU FARMA,,LA FLORIDA,-33.559242,-70.55976,,SU FARMA
133,SALCOBRAND,,LA FLORIDA,-33.547833,-70.568365,,SALCOBRAND
134,SALCOBRAND,,LA FLORIDA,-33.535564,-70.573944,,SALCOBRAND
135,SALCOBRAND,,LA FLORIDA,-33.560726,-70.585402,,SALCOBRAND
136,SALCOBRAND,,LA FLORIDA,-33.510688,-70.608514,,SALCOBRAND
137,SALCOBRAND,,LA FLORIDA,-33.514212,-70.608076,,SALCOBRAND
138,SALCOBRAND,,LA FLORIDA,-33.539481,-70.59156,,SALCOBRAND
139,CRUZ VERDE,,LA GRANJA,-33.550386,-70.617838,,CRUZ VERDE
140,LOS PALTOS,,LA GRANJA,-33.549518,-70.625259,,LOS PALTOS
141,LOS PALTOS,,LA GRANJA,-33.555958,-70.623943,,LOS PALTOS
142,ESPOZ,,LA GRANJA,-33.541513,-70.634116,,ESPOZ
143,CORDILLERA,,LA PINTANA,-33.556595,-70.645634,,CORDILLERA
144,CRUZ VERDE,,LA PINTANA,-33.605702,-70.626815,,CRUZ VERDE
145,FARMA SUR,,LA PINTANA,-33.581962,-70.657895,,FARMA SUR
146,SUR,,LA PINTANA,-33.556434,-70.645119,,SUR
147,SALCOBRAND,,LA PINTANA,-33.582752,-70.631836,,SALCOBRAND
148,AHUMADA,,LA REINA,-33.428451,-70.540534,,AHUMADA
149,AHUMADA,,LA REINA,-33.462165,-70.547272,,AHUMADA
150,AHUMADA,,LA REINA,-33.430313,-70.555769,,AHUMADA
151,AHUMADA,,LA REINA,-33.438801,-70.557014,,AHUMADA
152,AHUMADA,,LA REINA,-33.452498,-70.561026,,AHUMADA
153,LA REINA,,LA REINA,-33.451793,-70.555594,,LA REINA
154,SALCOBRAND,,LA REINA,-33.438685,-70.560922,,SALCOBRAND
155,SALCOBRAND,,LA REINA,-33.441254,-70.535856,,SALCOBRAND
156,AHUMADA,,LA REINA,-33.44052,-70.543281,,AHUMADA
157,CRUZ VERDE,,LA REINA,-33.441344,-70.536114,,CRUZ VERDE
158,CRUZ VERDE,,LO BARNECHEA,-33.356144,-70.51721,,CRUZ VERDE
159,SALCOBRAND,,LA REINA,-33.452677,-70.56197,,SALCOBRAND
160,SALCOBRAND,,LA REINA,-33.438908,-70.557142,,SALCOBRAND
161,SALCOBRAND,,LA REINA,-33.441182,-70.543302,,SALCOBRAND
162,BELEN,,LAMPA,-33.231773,-70.807404,,BELEN
163,BELEN,,LAMPA,-33.287867,-70.871476,,BELEN
164,LETICIA,,LAMPA,-33.284891,-70.877341,,LETICIA
165,SU FARMACIA S.A.,,LAMPA,-33.294326,-70.867519,,SU FARMACIA S.A.
166,SALCOBRAND,,LAMPA,-33.324002,-70.745991,,SALCOBRAND
167,SALCOBRAND,,LAS CONDES,-33.425986,-70.577036,,SALCOBRAND
168,SALCOBRAND,,LAS CONDES,-33.416492,-70.595146,,SALCOBRAND
169,SALCOBRAND,,LAS CONDES,-33.41278,-70.581016,,SALCOBRAND
170,SALCOBRAND,,LAS CONDES,-33.410738,-70.573879,,SALCOBRAND
171,SALCOBRAND,,LAS CONDES,-33.409386,-70.569378,,SALCOBRAND
172,SALCOBRAND,,LAS CONDES,-33.423788,-70.580627,,SALCOBRAND
173,SALCOBRAND,,LAS CONDES,-33.416613,-70.565058,,SALCOBRAND
174,SALCOBRAND,,LAS CONDES,-33.418207,-70.552336,,SALCOBRAND
175,SALCOBRAND,,LAS CONDES,-33.416469,-70.554331,,SALCOBRAND
176,AHUMADA,,LAS CONDES,-33.384242,-70.533968,,AHUMADA
177,AHUMADA,,LAS CONDES,-33.395619,-70.549053,,AHUMADA
178,AHUMADA,,LAS CONDES,-33.401531,-70.56049,,AHUMADA
179,AHUMADA,,LAS CONDES,-33.386052,-70.531178,,AHUMADA
180,AHUMADA,,LAS CONDES,-33.424932,-70.550758,,AHUMADA
181,AHUMADA,,LAS CONDES,-33.400958,-70.514375,,AHUMADA
182,AHUMADA,,LAS CONDES,-33.401253,-70.517153,,AHUMADA
183,AHUMADA,,LAS CONDES,-33.401145,-70.514333,,AHUMADA
184,AHUMADA,,LAS CONDES,-33.41878,-70.572098,,AHUMADA
185,AHUMADA,,LAS CONDES,-33.376502,-70.525642,,AHUMADA
186,CRUZ VERDE,,LAS CONDES,-33.423851,-70.578522,,CRUZ VERDE
187,CRUZ VERDE,,LAS CONDES,-33.416089,-70.593258,,CRUZ VERDE
188,CRUZ VERDE,,LAS CONDES,-33.409177,-70.567914,,CRUZ VERDE
189,CRUZ VERDE,,LAS CONDES,-33.408266,-70.553483,,CRUZ VERDE
190,CRUZ VERDE,,LAS CONDES,-33.401262,-70.523223,,CRUZ VERDE
191,CRUZ VERDE,,LAS CONDES,-33.41668,-70.564999,,CRUZ VERDE
192,CRUZ VERDE,,LAS CONDES,-33.43126,-70.578745,,CRUZ VERDE
193,CRUZ VERDE,,LAS CONDES,-33.428769,-70.540587,,CRUZ VERDE
194,CRUZ VERDE,,LAS CONDES,-33.384402,-70.529446,,CRUZ VERDE
195,CRUZ VERDE,,LAS CONDES,-33.417584,-70.552786,,CRUZ VERDE
196,CRUZ VERDE,,LAS CONDES,-33.401473,-70.560305,,CRUZ VERDE
197,CRUZ VERDE,,LAS CONDES,-33.401871,-70.580534,,CRUZ VERDE
198,CRUZ VERDE,,LAS CONDES,-33.388784,-70.545276,,CRUZ VERDE
199,CRUZ VERDE,,LAS CONDES,-33.388784,-70.545276,,CRUZ VERDE
200,CRUZ VERDE,,LAS CONDES,-33.388793,-70.545233,,CRUZ VERDE
201,DEL DR. SIMI,,LAS CONDES,-33.413942,-70.583546,,DEL DR. SIMI
202,LA DEHESA,,LO BARNECHEA,-33.351513,-70.510453,,LA DEHESA
203,SALCOBRAND,,LAS CONDES,-33.423777,-70.538633,,SALCOBRAND
204,SALCOBRAND,,LAS CONDES,-33.431271,-70.578737,,SALCOBRAND
205,SALCOBRAND,,LAS CONDES,-33.428728,-70.540595,,SALCOBRAND
206,SALCOBRAND,,LAS CONDES,-33.390101,-70.49899,,SALCOBRAND
207,SALCOBRAND,,LAS CONDES,-33.373666,-70.519669,,SALCOBRAND
208,SALCOBRAND,,LAS CONDES,-33.367972,-70.500964,,SALCOBRAND
209,SALCOBRAND,,LAS CONDES,-33.398228,-70.551397,,SALCOBRAND
210,SALCOBRAND,,LAS CONDES,-33.392287,-70.514933,,SALCOBRAND
211,SALCOBRAND,,LAS CONDES,-33.405257,-70.568665,,SALCOBRAND
212,SALCOBRAND,,LAS CONDES,-33.40377,-70.569,,SALCOBRAND
213,SALCOBRAND,,LAS CONDES,-33.4245,-70.592566,,SALCOBRAND
214,SALCOBRAND,,LAS CONDES,-33.41604,-70.539075,,SALCOBRAND
215,SALCOBRAND,,LAS CONDES,-33.409332,-70.544350,,SALCOBRAND
216,SALCOBRAND,,LAS CONDES,-33.38882,-70.545284,,SALCOBRAND
217,SALCOBRAND,,LAS CONDES,-33.408472,-70.551813,,SALCOBRAND
218,SALCOBRAND,,LAS CONDES,-33.394043,-70.545963,,SALCOBRAND
219,SALCOBRAND,,LO BARNECHEA,-33.358348,-70.517145,,SALCOBRAND
220,AHUMADA,,LO BARNECHEA,-33.344178,-70.544609,,AHUMADA
221,AHUMADA,,LO BARNECHEA,-33.353025,-70.520621,,AHUMADA
222,AHUMADA,,LO BARNECHEA,-33.362883,-70.514956,,AHUMADA
223,CRUZ VERDE,,LO BARNECHEA,-33.355517,-70.537916,,CRUZ VERDE
224,CRUZ VERDE,,LO BARNECHEA,-33.358008,-70.517016,,CRUZ VERDE
225,VITA,,LO BARNECHEA,-33.357631,-70.506598,,VITA
226,SALCOBRAND,,LO BARNECHEA,-33.35221,-70.518806,,SALCOBRAND
227,SALCOBRAND,,LO BARNECHEA,-33.351484,-70.510665,,SALCOBRAND
228,SALCOBRAND,,LO BARNECHEA,-33.355194,-70.532187,,SALCOBRAND
229,FARMAR,,LO ESPEJO,-33.506327,-70.69199,,FARMAR
230,LA FE,,LO ESPEJO,-33.519716,-70.69593,,LA FE
231,L-V,,LO ESPEJO,-33.508946,-70.686296,,L-V
232,AHUMADA,,LO PRADO,-33.444907,-70.723416,,AHUMADA
233,CRUZ VERDE,,LO PRADO,-33.457708,-70.711831,,CRUZ VERDE
234,CRUZ VERDE,,LO PRADO,-33.456902,-70.705629,,CRUZ VERDE
235,LAS ROSAS,,LO PRADO,-33.45717,-70.705887,,LAS ROSAS
236,SALCOBRAND,,LO PRADO,-33.457153,-70.706123,,SALCOBRAND
237,SALCOBRAND,,LO PRADO,-33.444083,-70.722624,,SALCOBRAND
238,SALCOBRAND,,MACUL,-33.485628,-70.599306,,SALCOBRAND
239,AHUMADA,,MACUL,-33.474337,-70.598792,,AHUMADA
240,AHUMADA,,MACUL,-33.477933,-70.599040,,AHUMADA
241,AHUMADA,,MACUL,-33.491661,-70.617414,,AHUMADA
242,CRUZ VERDE,,MACUL,-33.480686,-70.599312,,CRUZ VERDE
243,CRUZ VERDE,,MACUL,-33.491518,-70.599723,,CRUZ VERDE
244,DEL DR. SIMI,,MACUL,-33.485057,-70.599336,,DEL DR. SIMI
245,SALCOBRAND,,MAIPU,-33.510502,-70.757643,,SALCOBRAND
246,SALCOBRAND,,MAIPU,-33.481847,-70.753649,,SALCOBRAND
247,SALCOBRAND,,MAIPU,-33.481149,-70.754035,,SALCOBRAND
248,SALCOBRAND,,MAIPU,-33.542137,-70.771024,,SALCOBRAND
249,AHUMADA,,MAIPU,-33.560708,-70.780705,,AHUMADA
250,AHUMADA,,MAIPU,-33.481847,-70.753649,,AHUMADA
251,AHUMADA,,MAIPU,-33.510738,-70.757381,,AHUMADA
252,AHUMADA,,MAIPU,-33.50288,-70.757278,,AHUMADA
253,AHUMADA,,MAIPU,-33.481442,-70.745228,,AHUMADA
254,AHUMADA,,MAIPU,-33.506046,-70.757480,,AHUMADA
255,AHUMADA,,MAIPU,-33.531558,-70.775088,,AHUMADA
256,ALMENDRA,,MAIPU,-33.489442,-70.774272,,ALMENDRA
257,BELEN,,MAIPU,-33.507479,-70.784079,,BELEN
258,BELEN,,MAIPU,-33.488435,-70.742558,,BELEN
259,APOTHEKE,,MAIPU,-33.51232,-70.775493,,APOTHEKE
260,CRUZ VERDE,,MAIPU,-33.559993,-70.7844,,CRUZ VERDE
261,CRUZ VERDE,,MAIPU,-33.531915,-70.775603,,CRUZ VERDE
262,CRUZ VERDE,,MAIPU,-33.481847,-70.753649,,CRUZ VERDE
263,CRUZ VERDE,,MAIPU,-33.480565,-70.754106,,CRUZ VERDE
264,CRUZ VERDE,,MAIPU,-33.471974,-70.759642,,CRUZ VERDE
265,CRUZ VERDE,,MAIPU,-33.513669,-70.826522,,CRUZ VERDE
266,CRUZ VERDE,,MAIPU,-33.496314,-70.757549,,CRUZ VERDE
267,CRUZ VERDE,,MAIPU,-33.506799,-70.757471,,CRUZ VERDE
268,CRUZ VERDE,,MAIPU,-33.554432,-70.795816,,CRUZ VERDE
269,CRUZ VERDE,,LA REINA,-33.4398441,-70.55565960000001,,CRUZ VERDE
270,DEL PARQUE,,MAIPU,-33.558795,-70.789529,,DEL PARQUE
271,ECONOFARMA,,MAIPU,-33.489639,-70.766376,,ECONOFARMA
272,EXPRESS,,MAIPU,-33.528159,-70.767318,,EXPRESS
273,MEBAL,,MAIPU,-33.510064,-70.775509,,MEBAL
274,MEVIC,,MAIPU,-33.52235,-70.796797,,MEVIC
275,MEVIC,,MAIPU,-33.542754,-70.777843,,MEVIC
276,VIDA SALUD,,MAIPU,-33.513329,-70.756999,,VIDA SALUD
277,SU FARMACIA,,MAIPU,-33.501216,-70.741035,,SU FARMACIA
278,NETFARMA,,MAIPU,-33.495531,-70.736547,,NETFARMA
279,AHUMADA,,MELIPILLA,-33.68064,-71.208747,,AHUMADA
280,CRUZ VERDE,,MELIPILLA,-33.686111,-71.214668,,CRUZ VERDE
281,CRUZ VERDE,,MELIPILLA,-33.684917,-71.213814,,CRUZ VERDE
282,EKONOFARMA,,MELIPILLA,-33.685574,-71.215179,,EKONOFARMA
283,REDONDO,,MELIPILLA,-33.690830,-71.215614,,REDONDO
284,SERRANO,,MELIPILLA,-33.691460,-71.215843,,SERRANO
285,SALCOBRAND,,MELIPILLA,-33.686211,-71.213768,,SALCOBRAND
286,SALCOBRAND,,MELIPILLA,-33.686588,-71.215347,,SALCOBRAND
287,AHUMADA,,NUNOA,-33.450135,-70.621558,,AHUMADA
288,AHUMADA,,NUNOA,-33.465888,-70.588277,,AHUMADA
289,SALCOBRAND,,NUNOA,-33.446473,-70.611272,,SALCOBRAND
290,SALCOBRAND,,NUNOA,-33.455188,-70.609099,,SALCOBRAND
291,SALCOBRAND,,NUNOA,-33.449477,-70.597856,,SALCOBRAND
292,SALCOBRAND,,NUNOA,-33.455452,-70.586945,,SALCOBRAND
293,SALCOBRAND,,NUNOA,-33.456271,-70.613901,,SALCOBRAND
294,SALCOBRAND,,NUNOA,-33.464984,-70.598226,,SALCOBRAND
295,AHUMADA,,NUNOA,-33.455027,-70.60908,,AHUMADA
296,AHUMADA,,NUNOA,-33.455309,-70.627108,,AHUMADA
297,AHUMADA,,NUNOA,-33.454507,-70.600608,,AHUMADA
298,AHUMADA,,NUNOA,-33.445605,-70.606138,,AHUMADA
299,AHUMADA,,NUNOA,-33.448273,-70.580555,,AHUMADA
300,AHUMADA,,NUNOA,-33.447789,-70.597547,,AHUMADA
301,CRUZ VERDE,,NUNOA,-33.448329,-70.610647,,CRUZ VERDE
302,CRUZ VERDE,,NUNOA,-33.448564,-70.580705,,CRUZ VERDE
303,CRUZ VERDE,,NUNOA,-33.455765,-70.626106,,CRUZ VERDE
304,CRUZ VERDE,,NUNOA,-33.453053,-70.615452,,CRUZ VERDE
305,CRUZ VERDE,,NUNOA,-33.454342,-70.602297,,CRUZ VERDE
306,CRUZ VERDE,,NUNOA,-33.455219,-70.593017,,CRUZ VERDE
307,CRUZ VERDE,,NUNOA,-33.454494,-70.579021,,CRUZ VERDE
308,CRUZ VERDE,,NUNOA,-33.465302,-70.598239,,CRUZ VERDE
309,CRUZ VERDE,,NUNOA,-33.45816,-70.598017,,CRUZ VERDE
310,CRUZ VERDE,,NUNOA,-33.442758,-70.572611,,CRUZ VERDE
311,CRUZ VERDE,,NUNOA,-33.445565,-70.606112,,CRUZ VERDE
312,CRUZ VERDE,,NUNOA,-33.455649,-70.605221,,CRUZ VERDE
313,CRUZ VERDE,,NUNOA,-33.434033,-70.582342,,CRUZ VERDE
314,INSTITUCIONAL,,NUNOA,-33.453256,-70.591758,,INSTITUCIONAL
315,REDOXX,,NUNOA,-33.462935,-70.620185,,REDOXX
316,SALCOBRAND,,NUNOA,-33.454772,-70.627526,,SALCOBRAND
317,SANTA  GEMITA,,NUNOA,-33.454762,-70.599854,,SANTA  GEMITA
318,SALCOBRAND,,NUNOA,-33.448165,-70.600672,,SALCOBRAND
319,SAN JUAN,,PADRE HURTADO,-33.569701,-70.815772,,SAN JUAN
320,FARMAMARKET,,PADRE HURTADO,-33.568003,-70.808887,,FARMAMARKET
321,CRUZ VERDE,,PAINE,-33.813498,-70.743019,,CRUZ VERDE
322,PLAZA PAINE,,PAINE,-33.809498,-70.738717,,PLAZA PAINE
323,CRUZ VERDE,,PEDRO AGUIRRE CERDA,-33.478816,-70.663113,,CRUZ VERDE
324,CRUZ VERDE,,PEDRO AGUIRRE CERDA,-33.502505,-70.667851,,CRUZ VERDE
325,IDAHUE,,PEDRO AGUIRRE CERDA,-33.478489,-70.672005,,IDAHUE
326,LA BOTIKA,,PEDRO AGUIRRE CERDA,-33.502397,-70.690115,,LA BOTIKA
327,FARMA-MARKET,,PENAFLOR,-33.610554,-70.873439,,FARMA-MARKET
328,AHUMADA,,PENAFLOR,-33.607203,-70.899843,,AHUMADA
329,CRUZ VERDE,,PENAFLOR,-33.606915,-70.854744,,CRUZ VERDE
330,CRUZ VERDE,,PENAFLOR,-33.61071,-70.880887,,CRUZ VERDE
331,CRUZ VERDE,,PENAFLOR,-33.60872,-70.900199,,CRUZ VERDE
332,CRUZ VERDE,,PENAFLOR,-33.607217,-70.899797,,CRUZ VERDE
333,MALLOCO,,PENAFLOR,-33.604735,-70.852638,,MALLOCO
334,SAN JUAN,,PENAFLOR,-33.609133,-70.900701,,SAN JUAN
335,SALCOBRAND,,PENALOLEN,-33.479232,-70.545225,,SALCOBRAND
336,SALCOBRAND,,PENALOLEN,-33.468936,-70.575921,,SALCOBRAND
337,SALCOBRAND,,PENALOLEN,-33.486668,-70.579823,,SALCOBRAND
338,AHUMADA,,PENALOLEN,-33.484731,-70.579397,,AHUMADA
339,AHUMADA,,PENALOLEN,-33.487957,-70.54916,,AHUMADA
340,AHUMADA,,PENALOLEN,-33.486444,-70.557757,,AHUMADA
341,AHUMADA,,PENALOLEN,-33.484198,-70.558365,,AHUMADA
342,BELEN,,PENALOLEN,-33.506258,-70.579184,,BELEN
343,CRUZ VERDE,,PENALOLEN,-33.485825,-70.579606,,CRUZ VERDE
344,CRUZ VERDE,,PENALOLEN,-33.475988,-70.54338,,CRUZ VERDE
345,CRUZ VERDE,,PENALOLEN,-33.4864,-70.557735,,CRUZ VERDE
346,CRUZ VERDE,,PENALOLEN,-33.486668,-70.579823,,CRUZ VERDE
347,CRUZ VERDE,,PENALOLEN,-33.472261,-70.55461,,CRUZ VERDE
348,CRUZ VERDE,,PENALOLEN,-33.483805,-70.547014,,CRUZ VERDE
349,DEL DR. SIMI,,PENALOLEN,-33.4714531,-70.54151389999998,,DEL DR. SIMI
350,DEL DR. SIMI,,PENALOLEN,-33.469629,-70.574566,,DEL DR. SIMI
351,DEL DR. SIMI,,PENALOLEN,-33.502822,-70.561093,,DEL DR. SIMI
352,EL VALLE,,PENALOLEN,-33.476053,-70.573552,,EL VALLE
353,MEDDICA,,PENALOLEN,-33.472427,-70.538437,,MEDDICA
354,GENNETIKA,,PENALOLEN,-33.472340,-70.538712,,GENNETIKA
355,GALLARDO,,PENALOLEN,-33.477724,-70.572401,,GALLARDO
356,LA BOTIKA,,PENALOLEN,-33.507497,-70.568472,,LA BOTIKA
357,SALCOBRAND,,PENALOLEN,-33.487541,-70.558636,,SALCOBRAND
358,SALCOBRAND,,PENALOLEN,-33.489299,-70.549871,,SALCOBRAND
359,SALCOBRAND,,PIRQUE,-33.634483,-70.570314,,SALCOBRAND
360,SALCOBRAND,,PROVIDENCIA,-33.429187,-70.61886,,SALCOBRAND
361,SALCOBRAND,,PROVIDENCIA,-33.417618,-70.608246,,SALCOBRAND
362,SALCOBRAND,,PROVIDENCIA,-33.430206,-70.60277,,SALCOBRAND
363,SALCOBRAND,,PROVIDENCIA,-33.438335,-70.615679,,SALCOBRAND
364,AHUMADA,,PROVIDENCIA,-33.417669,-70.608276,,AHUMADA
365,AHUMADA,,PROVIDENCIA,-33.436607,-70.599068,,AHUMADA
366,AHUMADA,,PROVIDENCIA,-33.431701,-70.583823,,AHUMADA
367,AHUMADA,,PROVIDENCIA,-33.429951,-70.602705,,AHUMADA
368,AHUMADA,,PROVIDENCIA,-33.43953833448415,-70.60791102645874,,AHUMADA
369,AHUMADA,,PROVIDENCIA,-33.422532,-70.611052,,AHUMADA
370,AHUMADA,,PROVIDENCIA,-33.440999,-70.630386,,AHUMADA
371,CARMEN,,PROVIDENCIA,-33.439826,-70.624619,,CARMEN
372,CRUZ VERDE,,PROVIDENCIA,-33.417669,-70.608274,,CRUZ VERDE
373,CRUZ VERDE,,PROVIDENCIA,-33.431983,-70.62928,,CRUZ VERDE
374,CRUZ VERDE,,PROVIDENCIA,-33.433335,-70.617624,,CRUZ VERDE
375,CRUZ VERDE,,PROVIDENCIA,-33.437794,-70.604202,,CRUZ VERDE
376,CRUZ VERDE,,PROVIDENCIA,-33.422469,-70.609555,,CRUZ VERDE
377,CRUZ VERDE,,PROVIDENCIA,-33.445095,-70.619839,,CRUZ VERDE
378,LIDO,,PROVIDENCIA,-33.42803,-70.593875,,LIDO
379,ROESAR,,PROVIDENCIA,-33.432565,-70.635905,,ROESAR
380,SALCOBRAND,,PROVIDENCIA,-33.426402,-70.615652,,SALCOBRAND
381,SALCOBRAND,,PROVIDENCIA,-33.42306,-70.611816,,SALCOBRAND
382,SALCOBRAND,,PROVIDENCIA,-33.437816,-70.603767,,SALCOBRAND
383,FARMA UNO,,PUDAHUEL,-33.432032,-70.752579,,FARMA UNO
384,AHUMADA,,PUDAHUEL,-33.449343,-70.848439,,AHUMADA
385,AHUMADA,,PUDAHUEL,-33.467965,-70.731704,,AHUMADA
386,AHUMADA,,PUDAHUEL,-33.454986,-70.738717,,AHUMADA
387,AHUMADA,,PUDAHUEL,-33.457511,-70.823418,,AHUMADA
388,BELEN,,PUDAHUEL,-33.462165,-70.737344,,BELEN
389,CRUZ VERDE,,PUDAHUEL,-33.396873,-70.791846,,CRUZ VERDE
390,CRUZ VERDE,,PUDAHUEL,-33.453321,-70.763032,,CRUZ VERDE
391,EMIFAR,,PUDAHUEL,-33.436491,-70.750583,,EMIFAR
392,LAISA,,PUDAHUEL,-33.459909,-70.761441,,LAISA
393,FARMA OFERTA,,PUDAHUEL,-33.439105,-70.758029,,FARMA OFERTA
394,CRUZ VERDE,,PUDAHUEL,-33.444607,-70.740637,,CRUZ VERDE
395,SAN PIO,,PUDAHUEL,-33.437548,-70.77114,,SAN PIO
396,TIERRA DEL FUEGO,,PUDAHUEL,-33.43214,-70.750476,,TIERRA DEL FUEGO
397,TORRES,,PUDAHUEL,-33.460071,-70.751806,,TORRES
398,LAS PRINCESAS,,PUDAHUEL,-33.44197,-70.763715,,LAS PRINCESAS
399,SALCOBRAND,,PUENTE ALTO,-33.557954,-70.559352,,SALCOBRAND
400,SALCOBRAND,,PUENTE ALTO,-33.568989,-70.554782,,SALCOBRAND
401,SALCOBRAND,,PUENTE ALTO,-33.569053,-70.554921,,SALCOBRAND
402,SALCOBRAND,,PUENTE ALTO,-33.572973,-70.582806,,SALCOBRAND
403,LA BOTIKA,,PUENTE ALTO,-33.582367,-70.601532,,LA BOTIKA
404,LOS TOROS,,PUENTE ALTO,-33.567925,-70.570904,,LOS TOROS
405,AHUMADA,,PUENTE ALTO,-33.598678,-70.577779,,AHUMADA
406,AHUMADA,,PUENTE ALTO,-33.598678,-70.577779,,AHUMADA
407,AHUMADA,,PUENTE ALTO,-33.612042,-70.575437,,AHUMADA
408,AHUMADA,,PUENTE ALTO,-33.566537,-70.556883,,AHUMADA
409,ANGEL,,PUENTE ALTO,-33.618122,-70.574144,,ANGEL
410,ARES,,PUENTE ALTO,-33.568443,-70.583565,,ARES
411,CARMEN,,PUENTE ALTO,-33.609991,-70.551392,,CARMEN
412,CATALINA,,PUENTE ALTO,-33.576334,-70.566777,,CATALINA
413,CRUZ VERDE,,PUENTE ALTO,-33.571355,-70.555026,,CRUZ VERDE
414,CRUZ VERDE,,PUENTE ALTO,-33.569029,-70.554929,,CRUZ VERDE
415,CRUZ VERDE,,PUENTE ALTO,-33.609906,-70.575866,,CRUZ VERDE
416,CRUZ VERDE,,PUENTE ALTO,-33.572383,-70.583299,,CRUZ VERDE
417,CRUZ VERDE,,PUENTE ALTO,-33.569366,-70.583538,,CRUZ VERDE
418,CRUZ VERDE,,PUENTE ALTO,-33.608347,-70.576046,,CRUZ VERDE
419,CRUZ VERDE,,PUENTE ALTO,-33.559537,-70.551508,,CRUZ VERDE
420,CRUZ VERDE,,PUENTE ALTO,-33.609517,-70.575524,,CRUZ VERDE
421,CRUZ VERDE,,PUENTE ALTO,-33.581626,-70.568794,,CRUZ VERDE
422,CRUZ VERDE,,PUENTE ALTO,-33.611657,-70.577084,,CRUZ VERDE
423,J M,,PUENTE ALTO,-33.608356,-70.528214,,J M
424,DEL DR. SIMI,,PUENTE ALTO,-33.574457,-70.555361,,DEL DR. SIMI
425,FULLFARMA,,PUENTE ALTO,-33.589942,-70.58568,,FULLFARMA
426,SALUD FARMA,,PUENTE ALTO,-33.580998,-70.58118,,SALUD FARMA
427,LOS PALTOS,,PUENTE ALTO,-33.582317,-70.60102080000001,,LOS PALTOS
428,MEDDICA,,PUENTE ALTO,-33.594228,-70.559138,,MEDDICA
429,PATRICIO,,PUENTE ALTO,-33.611894,-70.551872,,PATRICIO
430,PATRICIO,,PUENTE ALTO,-33.625231,-70.609237,,PATRICIO
431,DONDE'L LORITO,,PUENTE ALTO,-33.582199,-70.606087,,DONDE'L LORITO
432,SALCOBRAND,,PUENTE ALTO,-33.609616,-70.575918,,SALCOBRAND
433,SALCOBRAND,,PUENTE ALTO,-33.595224,-70.590104,,SALCOBRAND
434,SALCOBRAND,,QUILICURA,-33.366789,-70.720092,,SALCOBRAND
435,AHUMADA,,QUILICURA,-33.35618,-70.729107,,AHUMADA
436,AHUMADA,,QUILICURA,-33.38230576855998,-70.73004488985748,,AHUMADA
437,BELEN,,QUILICURA,-33.366843,-70.713917,,BELEN
438,BELEN,,QUILICURA,-33.367224,-70.734052,,BELEN
439,CRUZ VERDE,,QUILICURA,-33.365681,-70.728849,,CRUZ VERDE
440,CRUZ VERDE,,QUILICURA,-33.355561,-70.729102,,CRUZ VERDE
441,NUEVA REAL,,QUILICURA,-33.358277,-70.729319,,NUEVA REAL
442,SCANDIC,,QUILICURA,-33.361861,-70.744786,,SCANDIC
443,SALCOBRAND,,QUILICURA,-33.367883,-70.732212,,SALCOBRAND
444,AHUMADA,,QUINTA NORMAL,-33.432722,-70.680556,,AHUMADA
445,CRUZ VERDE,,QUINTA NORMAL,-33.430501,-70.692356,,CRUZ VERDE
446,EMIFAR,,QUINTA NORMAL,-33.416474,-70.711044,,EMIFAR
447,MACARENA,,QUINTA NORMAL,-33.42251,-70.713359,,MACARENA
448,MENDOZA,,QUINTA NORMAL,-33.423105,-70.69258,,MENDOZA
449,MEVIC,,QUINTA NORMAL,-33.428854,-70.715467,,MEVIC
450,MYPHARMA,,QUINTA NORMAL,-33.441632,-70.707257,,MYPHARMA
451,AHUMADA,,RECOLETA,-33.405714,-70.643169,,AHUMADA
452,AHUMADA,,RECOLETA,-33.393881,-70.642527,,AHUMADA
453,B P M,,RECOLETA,-33.391151,-70.641205,,B P M
454,CRUZ DEL NORTE,,RECOLETA,-33.388507,-70.642304,,CRUZ DEL NORTE
455,FARMARKET,,RECOLETA,-33.403864,-70.631957,,FARMARKET
456,CRUZ VERDE,,RECOLETA,-33.402695,-70.643003,,CRUZ VERDE
457,CRUZ VERDE,,RECOLETA,-33.429534,-70.647091,,CRUZ VERDE
458,MARSIL,,RECOLETA,-33.431213,-70.651344,,MARSIL
459,EL SALTO,,RECOLETA,-33.410583,-70.636818,,EL SALTO
460,AHUMADA,,RENCA,-33.405203,-70.704613,,AHUMADA
461,CRUZ VERDE,,RENCA,-33.406582,-70.700875,,CRUZ VERDE
462,CRUZ VERDE,,RENCA,-33.405687,-70.704351,,CRUZ VERDE
463,MEDDICA,,RENCA,-33.400438,-70.744682,,MEDDICA
464,DONDE'L LORITO,,RENCA,-33.409302,-70.746696,,DONDE'L LORITO
465,SALCOBRAND,,RENCA,-33.404343,-70.705514,,SALCOBRAND
466,SALCOBRAND,,SAN BERNARDO,-33.592758,-70.704956,,SALCOBRAND
467,SALCOBRAND,,SAN BERNARDO,-33.593692,-70.705686,,SALCOBRAND
468,SALCOBRAND,,SAN BERNARDO,-33.594272,-70.705896,,SALCOBRAND
469,SALCOBRAND,,SAN BERNARDO,-33.630736,-70.707929,,SALCOBRAND
470,SALCOBRAND,,SAN BERNARDO,-33.630736,-70.707929,,SALCOBRAND
471,AHUMADA,,SAN BERNARDO,-33.592704,-70.70516,,AHUMADA
472,AHUMADA,,SAN BERNARDO,-33.597239,-70.699727,,AHUMADA
473,BELEN,,SAN BERNARDO,-33.587471,-70.678018,,BELEN
474,CRUZ VERDE,,SAN BERNARDO,-33.592720,-70.705239,,CRUZ VERDE
475,CRUZ VERDE,,SAN BERNARDO,-33.590117,-70.704405,,CRUZ VERDE
476,CRUZ VERDE,,SAN BERNARDO,-33.593808,-70.705735,,CRUZ VERDE
477,CRUZ VERDE,,SAN BERNARDO,-33.630736,-70.707929,,CRUZ VERDE
478,CRUZ VERDE,,SAN BERNARDO,-33.5916,-70.704514,,CRUZ VERDE
479,LOS ALMENDROS,,SAN BERNARDO,-33.592994,-70.697068,,LOS ALMENDROS
480,LOS OLIVOS,,SAN BERNARDO,-33.579037,-70.694487,,LOS OLIVOS
481,LA BOTIKA,,SAN JOAQUIN,-33.517887,-70.629028,,LA BOTIKA
482,DAMYFAR,,SAN JOAQUIN,-33.49175,-70.617843,,DAMYFAR
483,DEL DR. SIMI,,SAN JOAQUIN,-33.506374,-70.638138,,DEL DR. SIMI
484,FARMAVIDA,,SAN JOAQUIN,-33.505712,-70.623572,,FARMAVIDA
485,THERAPIA IV,,SAN JOAQUIN,-33.473563,-70.626895,,THERAPIA IV
486,SAN ANDRES,,SAN JOSE DE MAIPO,-33.639899,-70.352269,,SAN ANDRES
487,SALCOBRAND,,SAN MIGUEL,-33.491357,-70.650793,,SALCOBRAND
488,SALCOBRAND,,SAN MIGUEL,-33.506356,-70.655614,,SALCOBRAND
489,AHUMADA,,SAN MIGUEL,-33.512247,-70.657293,,AHUMADA
490,AHUMADA,,SAN MIGUEL,-33.499427,-70.653833,,AHUMADA
491,CARYVON,,SAN MIGUEL,-33.495502,-70.652532,,CARYVON
492,CRUZ VERDE,,SAN MIGUEL,-33.48597,-70.650719,,CRUZ VERDE
493,CRUZ VERDE,,SAN MIGUEL,-33.50653,-70.655888,,CRUZ VERDE
494,CRUZ VERDE,,SAN MIGUEL,-33.504008,-70.655161,,CRUZ VERDE
495,CRUZ VERDE,,SAN MIGUEL,-33.495043,-70.652588,,CRUZ VERDE
496,SAN JOSE,,SAN MIGUEL,-33.491061,-70.657234,,SAN JOSE
497,SALCOBRAND,,SAN MIGUEL,-33.505736,-70.655635,,SALCOBRAND
498,CRUZ VERDE,,SAN RAMON,-33.545141,-70.634109,,CRUZ VERDE
499,MANRIQUEZ,,SAN RAMON,-33.537941,-70.634720,,MANRIQUEZ
500,DEL DR. SIMI,,SAN RAMON,-33.533973,-70.634794,,DEL DR. SIMI
501,SALCOBRAND,,SANTIAGO,-33.43727,-70.651269,,SALCOBRAND
502,SALCOBRAND,,SANTIAGO,-33.438783,-70.654192,,SALCOBRAND
503,SALCOBRAND,,SANTIAGO,-33.439508,-70.649606,,SALCOBRAND
504,SALCOBRAND,,SANTIAGO,-33.437395,-70.635611,,SALCOBRAND
505,SALCOBRAND,,SANTIAGO,-33.44298,-70.647425,,SALCOBRAND
506,SALCOBRAND,,SANTIAGO,-33.441919,-70.650647,,SALCOBRAND
507,SALCOBRAND,,SANTIAGO,-33.438652,-70.651106,,SALCOBRAND
508,SALCOBRAND,,SANTIAGO,-33.43515,-70.651572,,SALCOBRAND
509,SALCOBRAND,,SANTIAGO,-33.43517,-70.651481,,SALCOBRAND
510,SALCOBRAND,,SANTIAGO,-33.450905,-70.646866,,SALCOBRAND
511,SALCOBRAND,,SANTIAGO,-33.444692,-70.657432,,SALCOBRAND
512,SALCOBRAND,,SANTIAGO,-33.453286,-70.661319,,SALCOBRAND
513,AHUMADA,,SANTIAGO,-33.453223,-70.652669,,AHUMADA
514,AHUMADA,,SANTIAGO,-33.436196,-70.651419,,AHUMADA
515,AHUMADA,,SANTIAGO,-33.440397,-70.650848,,AHUMADA
516,CRUZ VERDE,,SANTIAGO,-33.454199,-70.657393,,CRUZ VERDE
517,CRUZ VERDE,,SANTIAGO,-33.440305,-70.668658,,CRUZ VERDE
518,CRUZ VERDE,,SANTIAGO,-33.452283,-70.677926,,CRUZ VERDE
519,CRUZ VERDE,,SANTIAGO,-33.4423637,-70.6406479,,CRUZ VERDE
520,CRUZ VERDE,,SANTIAGO,-33.439627,-70.65095,,CRUZ VERDE
521,CRUZ VERDE,,SANTIAGO,-33.444562,-70.636873,,CRUZ VERDE
522,CRUZ VERDE,,SANTIAGO,-33.448138,-70.635397,,CRUZ VERDE
523,CRUZ VERDE,,SANTIAGO,-33.470108,-70.656666,,CRUZ VERDE
524,CRUZ VERDE,,SANTIAGO,-33.473182,-70.648356,,CRUZ VERDE
525,CRUZ VERDE,,SANTIAGO,-33.439123,-70.658111,,CRUZ VERDE
526,CRUZ VERDE,,SANTIAGO,-33.435005,-70.670935,,CRUZ VERDE
527,CRUZ VERDE,,SANTIAGO,-33.435902,-70.652175,,CRUZ VERDE
528,CRUZ VERDE,,SANTIAGO,-33.451659,-70.664505,,CRUZ VERDE
529,DEL DR. SIMI,,SANTIAGO,-33.436267,-70.652806,,DEL DR. SIMI
530,BELEN,,SANTIAGO,-33.435148,-70.674663,,BELEN
531,DEL DR. SIMI,,SANTIAGO,-33.472753,-70.642096,,DEL DR. SIMI
532,FARMAX,,SANTIAGO,-33.473205,-70.646771,,FARMAX
533,LA BOTICA  SALCOBRAND,,SANTIAGO,-33.439907,-70.653656,,LA BOTICA  SALCOBRAND
534,NOBEL,,SANTIAGO,-33.45845,-70.643207,,NOBEL
535,MAVI,,SANTIAGO,-33.472144,-70.648422,,MAVI
536,REDFARMA,,SANTIAGO,-33.442523,-70.667848,,REDFARMA
537,REDFARMA,,SANTIAGO,-33.433214,-70.669173,,REDFARMA
538,VALDIVIESO,,SANTIAGO,-33.438506,-70.662218,,VALDIVIESO
539,VANIA,,SANTIAGO,-33.436791,-70.645765,,VANIA
540,CRUZ VERDE,,SANTIAGO,-33.441039,-70.664933,,CRUZ VERDE
541,NUEVA BOGOTA,,SANTIAGO,-33.467902,-70.633326,,NUEVA BOGOTA
542,SALCOBRAND,,TALAGANTE,-33.664012,-70.929075,,SALCOBRAND
543,SAN PATRICIO,,MAIPU,-33.543478,-70.780365,,SAN PATRICIO
544,AHUMADA,,TALAGANTE,-33.662449,-70.925036,,AHUMADA
545,CRUZ VERDE,,TALAGANTE,-33.6598978503037,-70.91833522895888,,CRUZ VERDE
546,AHUMADA,,TALAGANTE,-33.656810,-70.912164,,AHUMADA
547,CRUZ VERDE,,TALAGANTE,-33.663947,-70.92897,,CRUZ VERDE
548,MI FARMACIA,,TALAGANTE,-33.663996,-70.92897,,MI FARMACIA
549,FARMA-MARKET,,TALAGANTE,-33.665333,-70.922989,,FARMA-MARKET
550,BELEN,,TIL-TIL,-33.08462,-70.929154,,BELEN
551,SALCOBRAND,,VITACURA,-33.391689,-70.562933,,SALCOBRAND
552,SALCOBRAND,,VITACURA,-33.398658,-70.597748,,SALCOBRAND
553,SALCOBRAND,,VITACURA,-33.406117,-70.598491,,SALCOBRAND
554,SALCOBRAND,,VITACURA,-33.400241,-70.592311,,SALCOBRAND
555,SALCOBRAND,,VITACURA,-33.388536,-70.567643,,SALCOBRAND
556,SALCOBRAND,,VITACURA,-33.385371,-70.555836,,SALCOBRAND
557,AHUMADA,,VITACURA,-33.392332,-70.592531,,AHUMADA
558,AHUMADA,,VITACURA,-33.386375,-70.568129,,AHUMADA
559,AHUMADA,,VITACURA,-33.388543,-70.577656,,AHUMADA
560,AHUMADA,,VITACURA,-33.397601,-70.582612,,AHUMADA
561,AHUMADA,,VITACURA,-33.389958,-70.570359,,AHUMADA
562,CRUZ VERDE,,VITACURA,-33.39235,-70.580762,,CRUZ VERDE
563,CRUZ VERDE,,VITACURA,-33.394506,-70.597154,,CRUZ VERDE
564,CRUZ VERDE,,VITACURA,-33.376663,-70.56727,,CRUZ VERDE
565,CRUZ VERDE,,VITACURA,-33.388865,-70.568275,,CRUZ VERDE
566,CRUZ VERDE,,VITACURA,-33.404437,-70.596735,,CRUZ VERDE
567,CRUZ VERDE,,VITACURA,-33.399489,-70.589736,,CRUZ VERDE
568,CRUZ VERDE,,VITACURA,-33.385089,-70.554664,,CRUZ VERDE
569,CRUZ VERDE,,PENALOLEN,-33.469665,-70.574566,,CRUZ VERDE
570,AHUMADA,,SAN MIGUEL,-33.509017,-70.656577,,AHUMADA
571,CRUZ VERDE,,SANTIAGO,-33.449991,-70.631708,,CRUZ VERDE
572,CRUZ VERDE,,COLINA,-33.286075,-70.675307,,CRUZ VERDE
573,SALCOBRAND,,QUILICURA,-33.367435,-70.730821,,SALCOBRAND
574,AHUMADA,,PUENTE ALTO,-33.568772,-70.554846,,AHUMADA
575,SALCOBRAND,,PAINE,-33.808089,-70.742343,,SALCOBRAND
576,ESTRELLA,,SAN JOAQUIN,-33.479241,-70.621923,,ESTRELLA
577,YORUGUA,,LA FLORIDA,-33.51832,-70.581926,,YORUGUA
578,AHUMADA,,LAS CONDES,-33.388784,-70.545276,,AHUMADA
579,CRUZ VERDE,,PROVIDENCIA,-33.423654,-70.61084,,CRUZ VERDE
580,AHUMADA,,SAN BERNARDO,-33.622261,-70.7005997,,AHUMADA
581,JUMBO,,LAS CONDES,-33.428755,-70.540598,,JUMBO
582,AHUMADA,,SAN JOAQUIN,-33.4835,-70.620789,,AHUMADA
583,SALCOBRAND,,MAIPU,-33.554753,-70.794807,,SALCOBRAND
584,CRUZ VERDE,,RECOLETA,-33.380121,-70.647222,,CRUZ VERDE
585,CRUZ VERDE,,LO BARNECHEA,-33.361037,-70.54416,,CRUZ VERDE
586,NETFARMA,,PUDAHUEL,-33.436402,-70.747107,,NETFARMA
587,SALCOBRAND,,VITACURA,-33.376878,-70.570704,,SALCOBRAND
588,SALCOBRAND,,LA REINA,-33.453375,-70.569373,,SALCOBRAND
589,CRUZ VERDE,,SAN BERNARDO,-33.637132,-70.707496,,CRUZ VERDE
590,AHUMADA,,LA REINA,-33.453393,-70.569373,,AHUMADA
591,CRUZ VERDE,,LA REINA,-33.453321,-70.569395,,CRUZ VERDE
592,AHUMADA,,LAS CONDES,-33.431226,-70.57875,,AHUMADA
593,CRUZ VERDE,,VITACURA,-33.380874,-70.571004,,CRUZ VERDE
594,CRUZ VERDE,,PUENTE ALTO,-33.566394,-70.556867,,CRUZ VERDE
595,AHUMADA,,VITACURA,-33.37686,-70.570189,,AHUMADA
596,SALCOBRAND,,SANTIAGO,-33.442973,-70.647628,,SALCOBRAND
597,LATINOAMERICANA,,RECOLETA,-33.405239,-70.643166,,LATINOAMERICANA
598,CRUZ VERDE,,VITACURA,-33.398342,-70.586475,,CRUZ VERDE
599,SALCOBRAND,,PROVIDENCIA,-33.426481,-70.590895,,SALCOBRAND
600,AHUMADA,,LA PINTANA,-33.585702,-70.628403,,AHUMADA
601,AHUMADA,,LA FLORIDA,-33.522238,-70.556499,,AHUMADA
602,CRUZ VERDE,,NUNOA,-33.450081,-70.602289,,CRUZ VERDE
603,SALCOBRAND,,SAN BERNARDO,-33.589241,-70.706917,,SALCOBRAND
604,AHUMADA,,CERRILLOS,-33.515708,-70.715736,,AHUMADA
605,AHUMADA,,MELIPILLA,-33.684943,-71.213897,,AHUMADA
606,CRUZ VERDE,,LA REINA,-33.439517,-70.535706,,CRUZ VERDE
607,DR SIMI,,SANTIAGO,-33.443188,-70.648252,,DR SIMI
608,FARMAMARKET,,ISLA DE MAIPO,-33.741059,-70.862267,,FARMAMARKET
609,LINCE,,PROVIDENCIA,-33.441576,-70.627416,,LINCE
610,AHUMADA,,SAN BERNARDO,-33.632683,-70.712988,,AHUMADA
611,CRUZ VERDE,,PUENTE ALTO,-33.598196,-70.521768,,CRUZ VERDE
612,CRUZ VERDE,,NUNOA,-33.457976,-70.586044,,CRUZ VERDE
613,SALCOBRAND,,QUILICURA,-33.360087,-70.729864,,SALCOBRAND
614,SALCOBRAND,,PROVIDENCIA,-33.42058,-70.607791,,SALCOBRAND
615,SALCOBRAND,,LO BARNECHEA,-33.355588,-70.538644,,SALCOBRAND
616,AHUMADA,,NUNOA,-33.464859,-70.598253,,AHUMADA
617,LATINOAMERICANA,,NUNOA,-33.455497,-70.605109,,LATINOAMERICANA
618,CRUZ VERDE,,LA REINA,-33.451746,-70.554911,,CRUZ VERDE
619,AHUMADA,,LO BARNECHEA,-33.359899,-70.516457,,AHUMADA
620,SALCOBRAND,,NUNOA,-33.46204,-70.575038,,SALCOBRAND
621,SALCOBRAND,,COLINA,-33.309657,-70.660729,,SALCOBRAND
622,CRUZ VERDE,,CERRILLOS,-33.515816,-70.715478,,CRUZ VERDE
623,AHUMADA,,COLINA,-33.285642,-70.680653,,AHUMADA
624,SALCOBRAND,,MAIPU,-33.503524,-70.757514,,SALCOBRAND
625,LOS ORIENTALES,,NUNOA,-33.454448,-70.580033,,LOS ORIENTALES
626,AHUMADA,,HUECHURABA,-33.3456092869489,-70.67051897242203,,AHUMADA
627,CRUZ VERDE,,ESTACION CENTRAL,-33.4520328,-70.68241220000004,,CRUZ VERDE
628,SALCOBRAND,,NUNOA,-33.4482699530571,-70.5766886423279,,SALCOBRAND
629,CRUZ VERDE,,NUNOA,-33.4540843,-70.60615239999998,,CRUZ VERDE
630,OMLU,,CALERA DE TANGO,-33.62745936475476,-70.76932980132744,,OMLU
631,AHUMADA,,LAS CONDES,-33.409287,-70.567331,,AHUMADA
632,SALCOBRAND,,SAN BERNARDO,-33.615891,-70.684447,,SALCOBRAND
633,PRAT,,SAN BERNARDO,-33.608804,-70.702816,,PRAT
634,AHUMADA,,COLINA,-33.312367,-70.656921,,AHUMADA
635,CRUZ VERDE,,PADRE HURTADO,-33.569344,-70.815406,,CRUZ VERDE
636,MANRIQUEZ,,SAN RAMON,-33.551099,-70.633926,,MANRIQUEZ
637,SALCOBRAND,,SANTIAGO,-33.444484,-70.636964,,SALCOBRAND
638,SALCOBRAND,,NUNOA,-33.436560,-70.577532,,SALCOBRAND
639,CRUZ VERDE,,SANTIAGO,-33.439546,-70.650358,,CRUZ VERDE
640,CRUZ VERDE,,NUNOA,-33.451281,-70.589247,,CRUZ VERDE
641,SOLUFAR,,HUECHURABA,-33.3595941,-70.6826858,,SOLUFAR
642,SALCOBRAND,,LA FLORIDA,-33.519252,-70.600301,,SALCOBRAND
643,CRUZ VERDE,,NUNOA,-33.449721,-70.621659,,CRUZ VERDE
644,CRUZ VERDE,,PUENTE ALTO,-33.567875,-70.554729,,CRUZ VERDE
645,MEDDICA,,SANTIAGO,-33.438544,-70.662868,,MEDDICA
646,MEDDICA,,QUILICURA,-33.366749,-70.7135657,,MEDDICA
647,ESMERALDA,,COLINA,-33.179823772526554,-70.65703527672122,,ESMERALDA
648,CRUZ VERDE,,LO PRADO,-33.45732020000001,-70.71421300000003,,CRUZ VERDE
649,FARMAS,,MAIPU,-33.5052112,-70.78910840000003,,FARMAS
650,CRUZ VERDE,,PROVIDENCIA,-33.4356042,-70.59163760000001,,CRUZ VERDE
651,CRUZ VERDE,,PROVIDENCIA,-33.4221422,-70.60820239999998,,CRUZ VERDE
652,MEDDICA,,SANTIAGO,-33.4438503,-70.65762110000003,,MEDDICA
653,FARMA TOTAL,,SANTIAGO,-33.4432872,-70.63352839999999,,FARMA TOTAL
654,CRUZ VERDE,,PADRE HURTADO,-33.560990,-70.826991,,CRUZ VERDE
655,SEGAL,,EL BOSQUE,-33.5727986,-70.66539,,SEGAL
656,DEL DR SIMI,,LAMPA,-33.284940,-70.876251,,DEL DR SIMI
657,AHUMADA,,INDEPENDENCIA,-33.4185974,-70.6635713,,AHUMADA
658,FARMAHORRO,,LA GRANJA,-33.5580386,-70.6235524,,FARMAHORRO
659,ECONOFARMA,,MAIPU,-33.53295313115599,-70.77456793121337,,ECONOFARMA
660,SALCOBRAND,,SAN MIGUEL,-33.490979,-70.65737609999996,,SALCOBRAND
661,LA BOTICA ITALIA,,PROVIDENCIA,-33.4468525,-70.62719529999998,,LA BOTICA ITALIA
662,AHUMADA,,PENALOLEN,-33.4760865,-70.5431413,,AHUMADA
663,OMEGA,,LA FLORIDA,-33.563826509613335,-70.58495425714722,,OMEGA
664,CRUZ VERDE,,LAS CONDES,-33.4095335,-70.56735229999998,,CRUZ VERDE
665,KNOP,,HUECHURABA,-33.347631,-70.67041919999997,,KNOP
666,JUMBO EL LLANO J513,,SAN MIGUEL,-33.4867883,-70.6508589,,JUMBO EL LLANO J513
667,CRUZ VERDE,,LA FLORIDA,-33.5188712,-70.60087490000001,,CRUZ VERDE
668,SALCOBRAND,,LAS CONDES,-33.4188645,-70.5721916,,SALCOBRAND
669,FARMATOTAL,,PROVIDENCIA,-33.4311642,-70.61627720000001,,FARMATOTAL
670,JUMBO,,PENALOLEN,-33.4880184,-70.55667590000002,,JUMBO
671,CRUZ VERDE,,PROVIDENCIA,-33.4390756,-70.6157943,,CRUZ VERDE
672,SALCOBRAND,,LAS CONDES,-33.41556420881637,-70.53952902380371,,SALCOBRAND
673,CRUZ VERDE,,CALERA DE TANGO,-33.6255747,-70.78146199999998,,CRUZ VERDE
674,SALCOBRAND,,QUILICURA,-33.44121699999999,-70.75415120000002,,SALCOBRAND
675,IBIZA,,MAIPU,-33.5562226,-70.79314369999997,,IBIZA
676,SAINT GERMAIN,,MAIPU,-33.4747329,-70.74887469999999,,SAINT GERMAIN
677,DEL CARMEN,,MAIPU,-33.5168493,-70.76353879999999,,DEL CARMEN
678,SALCOBRAND,,COLINA,-33.204695,-70.676266,,SALCOBRAND
679,AHUMADA,,LA FLORIDA,-33.518401,-70.599124,,AHUMADA
680,ISLEiEEA,,ISLA DE MAIPO,-33.753996,-70.902434,,ISLEiEEA
681,DiEEAZ,,LO PRADO,-33.443623,-70.723448,,DiEEAZ
682,AHUMADA,,LA FLORIDA,-33.518400,-70.599123,,AHUMADA
683,AHUMADA,,NUNOA,-33.455672,-70.58563,,AHUMADA
684,AHUMADA,,SANTIAGO,-33.44317,-70.649064,,AHUMADA
685,AHUMADA,,BUIN,-33.734141,-70.749025,,AHUMADA
686,AHUMADA,,RENCA,-33.397305,-70.761807,,AHUMADA
687,AHUMADA,,PROVIDENCIA,-33.418056,-70.607297,,AHUMADA
688,FARMAMARKET,,PENAFLOR,-33.601279,-70.860642,,FARMAMARKET
689,SOLUFAR,,CERRILLOS,-33.491755,-70.714808,,SOLUFAR
690,VALVIC,,PADRE HURTADO,-33.565517,-70.799506,,VALVIC
691,BELEN,,PUDAHUEL,-33.444749,-70.754041,,BELEN
692,MEDICAL STORES,,PUDAHUEL,-33.448542,-70.842990,,MEDICAL STORES
693,SU SALUD,,SANTIAGO,-33.452457,-70.663262,,SU SALUD
694,LEMBACH,,COLINA,-33.207506,-70.678188,,LEMBACH
695,DEL DR. SIMI,,INDEPENDENCIA,-33.424567,-70.654489,,DEL DR. SIMI
696,CRUZ VERDE,,LAS CONDES,-33.415884,-70.539431,,CRUZ VERDE
697,CRUZ VERDE,,HUECHURABA,-33.364142,-70.679158,,CRUZ VERDE
698,SALCOBRAND,,MACUL,-33.482241,-70.599307,,SALCOBRAND
699,CRUZ VERDE,,TALAGANTE,-33.669991,-70.940531,,CRUZ VERDE
700,DEL DR. SIMI,,LA FLORIDA,-33.535352,-70.572471,,DEL DR. SIMI
701,DEL CARMEN,,MAIPU,-33.509706,-70.758947,,DEL CARMEN
702,CRUZ VERDE,,CERRILLOS,-33.517344,-70.716387,,CRUZ VERDE
703,FARMATOP,,PADRE HURTADO,-33.563030,-70.796775,,FARMATOP
704,ECONOFARMA,,CONCHALI,-33.395043,-70657935,,ECONOFARMA
705,CRUZ VERDE,,QUILICURA,-33.374177,-70.718153,,CRUZ VERDE
706,HERRERA,,PUENTE ALTO,-33.612546,-70.573888,,HERRERA
707,JUMBO MAIPU,,MAIPU,-33.479687,-70.752152,,JUMBO MAIPU
708,DEL DR. SIMI,,LA FLORIDA,-33.516661,-70.599949,,DEL DR. SIMI
709,DEL DR. SIMI,,ESTACION CENTRAL,-33.454507,-70.679502,,DEL DR. SIMI
710,CRUZ VERDE,,PENAFLOR,-33.608667,-70.856258,,CRUZ VERDE
711,CRUZ VERDE,,VITACURA,-33.398752,-70.598584,,CRUZ VERDE
712,DEL DR. SIMI,,SANTIAGO,-33.437929,-70.636741,,DEL DR. SIMI
713,SALCOBRAND,,COLINA,-33.207196,-70.666266,,SALCOBRAND
Metropolitano Sur,,,,,,Zona Sur,
Metropolitano Central,,,,,,Zona Central,
Metropolitano Occidente,,,,,,Zona Occidente,
Metropolitano Norte,,,,,,Zona Norte,
Metropolitano Suroriente,,,,,,Zona Suroriente,
Metropolitano Oriente,,,,,,Zona Oriente,
