Id,Label,timeset,farmacia,zona,farm,columna1
1,AHUMADA,,BUIN,,AHUMADA,AHUMADA
2,BUIN,,BUIN,,BUIN,OTRO
3,CRUZ VERDE,,BUIN,,CRUZ VERDE,CRUZ VERDE
4,EL ALBA,,BUIN,,EL ALBA,OTRO
5,PLAZA BUIN,,BUIN,,PLAZA BUIN,OTRO
6,SALCOBRAND,,BUIN,,SALCOBRAND,SALCOBRAND
7,CALERA DE TANGO,,CALERA DE TANGO,,CALERA DE TANGO,OTRO
8,CRUZ VERDE,,CALERA DE TANGO,,CRUZ VERDE,CRUZ VERDE
9,AHUMADA,,CERRILLOS,,AHUMADA,AHUMADA
10,CRUZ VERDE,,CERRILLOS,,CRUZ VERDE,CRUZ VERDE
11,LA FE,,CERRILLOS,,LA FE,OTRO
12,VILLA MEXICO,,CERRILLOS,,VILLA MEXICO,OTRO
13,SALCOBRAND,,CERRILLOS,,SALCOBRAND,SALCOBRAND
14,DAVIFAR,,CERRO NAVIA,,DAVIFAR,OTRO
15,LAS TORRES,,CERRO NAVIA,,LAS TORRES,OTRO
16,SANTO THOMAS,,CERRO NAVIA,,SANTO THOMAS,OTRO
17,SILVA,,CERRO NAVIA,,SILVA,OTRO
18,LA UNION,,CERRO NAVIA,,LA UNION,OTRO
19,NEPTUNO,,CERRO NAVIA,,NEPTUNO,OTRO
20,AHUMADA,,COLINA,,AHUMADA,AHUMADA
21,AHUMADA,,COLINA,,AHUMADA,AHUMADA
22,AHUMADA,,COLINA,,AHUMADA,AHUMADA
23,BELEN,,COLINA,,BELEN,OTRO
24,CRUZ VERDE,,COLINA,,CRUZ VERDE,CRUZ VERDE
25,CRUZ VERDE,,COLINA,,CRUZ VERDE,CRUZ VERDE
26,NUEVA REAL,,COLINA,,NUEVA REAL,OTRO
27,SAN MARTIN,,COLINA,,SAN MARTIN,OTRO
28,SALCOBRAND,,COLINA,,SALCOBRAND,SALCOBRAND
29,SALCOBRAND,,COLINA,,SALCOBRAND,SALCOBRAND
30,AHUMADA,,CONCHALI,,AHUMADA,AHUMADA
31,AHUMADA,,CONCHALI,,AHUMADA,AHUMADA
32,BELEN,,CONCHALI,,BELEN,OTRO
33,BELEN,,CONCHALI,,BELEN,OTRO
34,BELEN,,CONCHALI,,BELEN,OTRO
35,CRUZ VERDE,,CONCHALI,,CRUZ VERDE,CRUZ VERDE
36,CRUZ VERDE,,CONCHALI,,CRUZ VERDE,CRUZ VERDE
37,CRUZ VERDE,,CONCHALI,,CRUZ VERDE,CRUZ VERDE
38,CRUZ VERDE,,CURACAVI,,CRUZ VERDE,CRUZ VERDE
39,CURACAVI,,CURACAVI,,CURACAVI,OTRO
40,EL SOL,,CURACAVI,,EL SOL,OTRO
41,AHUMADA,,EL BOSQUE,,AHUMADA,AHUMADA
42,ALAMEDA,,EL BOSQUE,,ALAMEDA,OTRO
43,BELEN,,EL BOSQUE,,BELEN,OTRO
44,BELEN,,EL BOSQUE,,BELEN,OTRO
45,SALUD/CANAIMA,,EL BOSQUE,,SALUD/CANAIMA,OTRO
46,CRUZ VERDE,,EL BOSQUE,,CRUZ VERDE,CRUZ VERDE
47,CRUZ VERDE,,EL BOSQUE,,CRUZ VERDE,CRUZ VERDE
48,CRUZ VERDE,,EL BOSQUE,,CRUZ VERDE,CRUZ VERDE
49,LOS MAQUIS,,EL BOSQUE,,LOS MAQUIS,OTRO
50,SALCOBRAND,,EL BOSQUE,,SALCOBRAND,SALCOBRAND
51,AHUMADA,,ESTACION CENTRAL,,AHUMADA,AHUMADA
52,AHUMADA,,ESTACION CENTRAL,,AHUMADA,AHUMADA
53,BELGO CHILENA,,ESTACION CENTRAL,,BELGO CHILENA,OTRO
54,CARRERA,,ESTACION CENTRAL,,CARRERA,OTRO
55,CRUZ VERDE,,ESTACION CENTRAL,,CRUZ VERDE,CRUZ VERDE
56,CRUZ VERDE,,ESTACION CENTRAL,,CRUZ VERDE,CRUZ VERDE
57,CRUZ VERDE,,ESTACION CENTRAL,,CRUZ VERDE,CRUZ VERDE
58,CRUZ VERDE,,ESTACION CENTRAL,,CRUZ VERDE,CRUZ VERDE
59,DEL DR. SIMI,,ESTACION CENTRAL,,DEL DR. SIMI,OTRO
60,ELENA,,ESTACION CENTRAL,,ELENA,OTRO
61,PURA SALUD,,ESTACION CENTRAL,,PURA SALUD,OTRO
62,SALCOBRAND,,ESTACION CENTRAL,,SALCOBRAND,SALCOBRAND
63,SALCOBRAND,,ESTACION CENTRAL,,SALCOBRAND,SALCOBRAND
64,SALCOBRAND,,ESTACION CENTRAL,,SALCOBRAND,SALCOBRAND
65,SALCOBRAND,,ESTACION CENTRAL,,SALCOBRAND,SALCOBRAND
66,SALCOBRAND,,ESTACION CENTRAL,,SALCOBRAND,SALCOBRAND
67,SALCOBRAND,,HUECHURABA,,SALCOBRAND,SALCOBRAND
68,SALCOBRAND,,HUECHURABA,,SALCOBRAND,SALCOBRAND
69,AHUMADA,,HUECHURABA,,AHUMADA,AHUMADA
70,AHUMADA,,HUECHURABA,,AHUMADA,AHUMADA
71,CRUZ VERDE,,HUECHURABA,,CRUZ VERDE,CRUZ VERDE
72,CRUZ VERDE,,HUECHURABA,,CRUZ VERDE,CRUZ VERDE
73,FARMAVIDA,,HUECHURABA,,FARMAVIDA,OTRO
74,SALCOBRAND,,HUECHURABA,,SALCOBRAND,SALCOBRAND
75,MEDDICA,,INDEPENDENCIA,,MEDDICA,OTRO
76,CRUZ VERDE,,INDEPENDENCIA,,CRUZ VERDE,CRUZ VERDE
77,CRUZ VERDE,,INDEPENDENCIA,,CRUZ VERDE,CRUZ VERDE
78,CRUZ VERDE,,INDEPENDENCIA,,CRUZ VERDE,CRUZ VERDE
79,MAESTRE,,INDEPENDENCIA,,MAESTRE,OTRO
80,NOVOA,,INDEPENDENCIA,,NOVOA,OTRO
81,SANTA LAURA,,INDEPENDENCIA,,SANTA LAURA,OTRO
82,VALLE DE VIDA,,INDEPENDENCIA,,VALLE DE VIDA,OTRO
83,ECUANASER,,ISLA DE MAIPO,,ECUANASER,OTRO
84,ECUANASER,,ISLA DE MAIPO,,ECUANASER,OTRO
85,FARMAMARKET,,ISLA DE MAIPO,,FARMAMARKET,OTRO
86,SALCOBRAND,,LA CISTERNA,,SALCOBRAND,SALCOBRAND
87,AHUMADA,,LA CISTERNA,,AHUMADA,AHUMADA
88,AHUMADA,,LA CISTERNA,,AHUMADA,AHUMADA
89,BELEN,,LA CISTERNA,,BELEN,OTRO
90,CRUZ VERDE,,LA CISTERNA,,CRUZ VERDE,CRUZ VERDE
91,DEL DR. SIMI,,LA CISTERNA,,DEL DR. SIMI,OTRO
92,DEL DR. SIMI,,LA CISTERNA,,DEL DR. SIMI,OTRO
93,MARTINEZ  ACUNA,,LA CISTERNA,,MARTINEZ  ACUNA,OTRO
94,SALCOBRAND,,LA CISTERNA,,SALCOBRAND,SALCOBRAND
95,MANRIQUEZ,,LA CISTERNA,,MANRIQUEZ,OTRO
96,SALCOBRAND,,LA CISTERNA,,SALCOBRAND,SALCOBRAND
97,AHUMADA,,LA FLORIDA,,AHUMADA,AHUMADA
98,AHUMADA,,LA FLORIDA,,AHUMADA,AHUMADA
99,AHUMADA,,LA FLORIDA,,AHUMADA,AHUMADA
100,AHUMADA,,LA FLORIDA,,AHUMADA,AHUMADA
101,AHUMADA,,LA FLORIDA,,AHUMADA,AHUMADA
102,AHUMADA,,LA FLORIDA,,AHUMADA,AHUMADA
103,AHUMADA,,LA FLORIDA,,AHUMADA,AHUMADA
104,AHUMADA,,LA FLORIDA,,AHUMADA,AHUMADA
105,AHUMADA,,LA FLORIDA,,AHUMADA,AHUMADA
106,AHUMADA,,LA FLORIDA,,AHUMADA,AHUMADA
107,AHUMADA,,LA FLORIDA,,AHUMADA,AHUMADA
108,AHUMADA,,LA FLORIDA,,AHUMADA,AHUMADA
109,AHUMADA,,LA FLORIDA,,AHUMADA,AHUMADA
110,BELEN,,LA FLORIDA,,BELEN,OTRO
111,C.A.,,LA FLORIDA,,C.A.,OTRO
112,CRUZ VERDE,,LA FLORIDA,,CRUZ VERDE,CRUZ VERDE
113,CRUZ VERDE,,LA FLORIDA,,CRUZ VERDE,CRUZ VERDE
114,CRUZ VERDE,,LA FLORIDA,,CRUZ VERDE,CRUZ VERDE
115,CRUZ VERDE,,LA FLORIDA,,CRUZ VERDE,CRUZ VERDE
116,CRUZ VERDE,,LA FLORIDA,,CRUZ VERDE,CRUZ VERDE
117,CRUZ VERDE,,LA FLORIDA,,CRUZ VERDE,CRUZ VERDE
118,CRUZ VERDE,,LA FLORIDA,,CRUZ VERDE,CRUZ VERDE
119,CRUZ VERDE,,LA FLORIDA,,CRUZ VERDE,CRUZ VERDE
120,CRUZ VERDE,,LA FLORIDA,,CRUZ VERDE,CRUZ VERDE
121,CRUZ VERDE,,LA FLORIDA,,CRUZ VERDE,CRUZ VERDE
122,CRUZ VERDE,,LA FLORIDA,,CRUZ VERDE,CRUZ VERDE
123,CRUZ VERDE,,LA FLORIDA,,CRUZ VERDE,CRUZ VERDE
124,CRUZ VERDE,,LA FLORIDA,,CRUZ VERDE,CRUZ VERDE
125,DEL DR. SIMI,,LA FLORIDA,,DEL DR. SIMI,OTRO
126,FARMA SUR,,LA FLORIDA,,FARMA SUR,OTRO
127,JUMBO,,LA FLORIDA,,JUMBO,OTRO
128,REDFARMA,,LA FLORIDA,,REDFARMA,OTRO
129,REY FARMA,,LA FLORIDA,,REY FARMA,OTRO
130,ROSARIO,,LA FLORIDA,,ROSARIO,OTRO
131,ROTONDA  LA FLORIDA,,LA FLORIDA,,ROTONDA  LA FLORIDA,OTRO
132,SU FARMA,,LA FLORIDA,,SU FARMA,OTRO
133,SALCOBRAND,,LA FLORIDA,,SALCOBRAND,SALCOBRAND
134,SALCOBRAND,,LA FLORIDA,,SALCOBRAND,SALCOBRAND
135,SALCOBRAND,,LA FLORIDA,,SALCOBRAND,SALCOBRAND
136,SALCOBRAND,,LA FLORIDA,,SALCOBRAND,SALCOBRAND
137,SALCOBRAND,,LA FLORIDA,,SALCOBRAND,SALCOBRAND
138,SALCOBRAND,,LA FLORIDA,,SALCOBRAND,SALCOBRAND
139,CRUZ VERDE,,LA GRANJA,,CRUZ VERDE,CRUZ VERDE
140,LOS PALTOS,,LA GRANJA,,LOS PALTOS,OTRO
141,LOS PALTOS,,LA GRANJA,,LOS PALTOS,OTRO
142,ESPOZ,,LA GRANJA,,ESPOZ,OTRO
143,CORDILLERA,,LA PINTANA,,CORDILLERA,OTRO
144,CRUZ VERDE,,LA PINTANA,,CRUZ VERDE,CRUZ VERDE
145,FARMA SUR,,LA PINTANA,,FARMA SUR,OTRO
146,SUR,,LA PINTANA,,SUR,OTRO
147,SALCOBRAND,,LA PINTANA,,SALCOBRAND,SALCOBRAND
148,AHUMADA,,LA REINA,,AHUMADA,AHUMADA
149,AHUMADA,,LA REINA,,AHUMADA,AHUMADA
150,AHUMADA,,LA REINA,,AHUMADA,AHUMADA
151,AHUMADA,,LA REINA,,AHUMADA,AHUMADA
152,AHUMADA,,LA REINA,,AHUMADA,AHUMADA
153,LA REINA,,LA REINA,,LA REINA,OTRO
154,SALCOBRAND,,LA REINA,,SALCOBRAND,SALCOBRAND
155,SALCOBRAND,,LA REINA,,SALCOBRAND,SALCOBRAND
156,AHUMADA,,LA REINA,,AHUMADA,AHUMADA
157,CRUZ VERDE,,LA REINA,,CRUZ VERDE,CRUZ VERDE
158,CRUZ VERDE,,LO BARNECHEA,,CRUZ VERDE,CRUZ VERDE
159,SALCOBRAND,,LA REINA,,SALCOBRAND,SALCOBRAND
160,SALCOBRAND,,LA REINA,,SALCOBRAND,SALCOBRAND
161,SALCOBRAND,,LA REINA,,SALCOBRAND,SALCOBRAND
162,BELEN,,LAMPA,,BELEN,OTRO
163,BELEN,,LAMPA,,BELEN,OTRO
164,LETICIA,,LAMPA,,LETICIA,OTRO
165,SU FARMACIA S.A.,,LAMPA,,SU FARMACIA S.A.,OTRO
166,SALCOBRAND,,LAMPA,,SALCOBRAND,SALCOBRAND
167,SALCOBRAND,,LAS CONDES,,SALCOBRAND,SALCOBRAND
168,SALCOBRAND,,LAS CONDES,,SALCOBRAND,SALCOBRAND
169,SALCOBRAND,,LAS CONDES,,SALCOBRAND,SALCOBRAND
170,SALCOBRAND,,LAS CONDES,,SALCOBRAND,SALCOBRAND
171,SALCOBRAND,,LAS CONDES,,SALCOBRAND,SALCOBRAND
172,SALCOBRAND,,LAS CONDES,,SALCOBRAND,SALCOBRAND
173,SALCOBRAND,,LAS CONDES,,SALCOBRAND,SALCOBRAND
174,SALCOBRAND,,LAS CONDES,,SALCOBRAND,SALCOBRAND
175,SALCOBRAND,,LAS CONDES,,SALCOBRAND,SALCOBRAND
176,AHUMADA,,LAS CONDES,,AHUMADA,AHUMADA
177,AHUMADA,,LAS CONDES,,AHUMADA,AHUMADA
178,AHUMADA,,LAS CONDES,,AHUMADA,AHUMADA
179,AHUMADA,,LAS CONDES,,AHUMADA,AHUMADA
180,AHUMADA,,LAS CONDES,,AHUMADA,AHUMADA
181,AHUMADA,,LAS CONDES,,AHUMADA,AHUMADA
182,AHUMADA,,LAS CONDES,,AHUMADA,AHUMADA
183,AHUMADA,,LAS CONDES,,AHUMADA,AHUMADA
184,AHUMADA,,LAS CONDES,,AHUMADA,AHUMADA
185,AHUMADA,,LAS CONDES,,AHUMADA,AHUMADA
186,CRUZ VERDE,,LAS CONDES,,CRUZ VERDE,CRUZ VERDE
187,CRUZ VERDE,,LAS CONDES,,CRUZ VERDE,CRUZ VERDE
188,CRUZ VERDE,,LAS CONDES,,CRUZ VERDE,CRUZ VERDE
189,CRUZ VERDE,,LAS CONDES,,CRUZ VERDE,CRUZ VERDE
190,CRUZ VERDE,,LAS CONDES,,CRUZ VERDE,CRUZ VERDE
191,CRUZ VERDE,,LAS CONDES,,CRUZ VERDE,CRUZ VERDE
192,CRUZ VERDE,,LAS CONDES,,CRUZ VERDE,CRUZ VERDE
193,CRUZ VERDE,,LAS CONDES,,CRUZ VERDE,CRUZ VERDE
194,CRUZ VERDE,,LAS CONDES,,CRUZ VERDE,CRUZ VERDE
195,CRUZ VERDE,,LAS CONDES,,CRUZ VERDE,CRUZ VERDE
196,CRUZ VERDE,,LAS CONDES,,CRUZ VERDE,CRUZ VERDE
197,CRUZ VERDE,,LAS CONDES,,CRUZ VERDE,CRUZ VERDE
198,CRUZ VERDE,,LAS CONDES,,CRUZ VERDE,CRUZ VERDE
199,CRUZ VERDE,,LAS CONDES,,CRUZ VERDE,CRUZ VERDE
200,CRUZ VERDE,,LAS CONDES,,CRUZ VERDE,CRUZ VERDE
201,DEL DR. SIMI,,LAS CONDES,,DEL DR. SIMI,OTRO
202,LA DEHESA,,LO BARNECHEA,,LA DEHESA,OTRO
203,SALCOBRAND,,LAS CONDES,,SALCOBRAND,SALCOBRAND
204,SALCOBRAND,,LAS CONDES,,SALCOBRAND,SALCOBRAND
205,SALCOBRAND,,LAS CONDES,,SALCOBRAND,SALCOBRAND
206,SALCOBRAND,,LAS CONDES,,SALCOBRAND,SALCOBRAND
207,SALCOBRAND,,LAS CONDES,,SALCOBRAND,SALCOBRAND
208,SALCOBRAND,,LAS CONDES,,SALCOBRAND,SALCOBRAND
209,SALCOBRAND,,LAS CONDES,,SALCOBRAND,SALCOBRAND
210,SALCOBRAND,,LAS CONDES,,SALCOBRAND,SALCOBRAND
211,SALCOBRAND,,LAS CONDES,,SALCOBRAND,SALCOBRAND
212,SALCOBRAND,,LAS CONDES,,SALCOBRAND,SALCOBRAND
213,SALCOBRAND,,LAS CONDES,,SALCOBRAND,SALCOBRAND
214,SALCOBRAND,,LAS CONDES,,SALCOBRAND,SALCOBRAND
215,SALCOBRAND,,LAS CONDES,,SALCOBRAND,SALCOBRAND
216,SALCOBRAND,,LAS CONDES,,SALCOBRAND,SALCOBRAND
217,SALCOBRAND,,LAS CONDES,,SALCOBRAND,SALCOBRAND
218,SALCOBRAND,,LAS CONDES,,SALCOBRAND,SALCOBRAND
219,SALCOBRAND,,LO BARNECHEA,,SALCOBRAND,SALCOBRAND
220,AHUMADA,,LO BARNECHEA,,AHUMADA,AHUMADA
221,AHUMADA,,LO BARNECHEA,,AHUMADA,AHUMADA
222,AHUMADA,,LO BARNECHEA,,AHUMADA,AHUMADA
223,CRUZ VERDE,,LO BARNECHEA,,CRUZ VERDE,CRUZ VERDE
224,CRUZ VERDE,,LO BARNECHEA,,CRUZ VERDE,CRUZ VERDE
225,VITA,,LO BARNECHEA,,VITA,OTRO
226,SALCOBRAND,,LO BARNECHEA,,SALCOBRAND,SALCOBRAND
227,SALCOBRAND,,LO BARNECHEA,,SALCOBRAND,SALCOBRAND
228,SALCOBRAND,,LO BARNECHEA,,SALCOBRAND,SALCOBRAND
229,FARMAR,,LO ESPEJO,,FARMAR,OTRO
230,LA FE,,LO ESPEJO,,LA FE,OTRO
231,L-V,,LO ESPEJO,,L-V,OTRO
232,AHUMADA,,LO PRADO,,AHUMADA,AHUMADA
233,CRUZ VERDE,,LO PRADO,,CRUZ VERDE,CRUZ VERDE
234,CRUZ VERDE,,LO PRADO,,CRUZ VERDE,CRUZ VERDE
235,LAS ROSAS,,LO PRADO,,LAS ROSAS,OTRO
236,SALCOBRAND,,LO PRADO,,SALCOBRAND,SALCOBRAND
237,SALCOBRAND,,LO PRADO,,SALCOBRAND,SALCOBRAND
238,SALCOBRAND,,MACUL,,SALCOBRAND,SALCOBRAND
239,AHUMADA,,MACUL,,AHUMADA,AHUMADA
240,AHUMADA,,MACUL,,AHUMADA,AHUMADA
241,AHUMADA,,MACUL,,AHUMADA,AHUMADA
242,CRUZ VERDE,,MACUL,,CRUZ VERDE,CRUZ VERDE
243,CRUZ VERDE,,MACUL,,CRUZ VERDE,CRUZ VERDE
244,DEL DR. SIMI,,MACUL,,DEL DR. SIMI,OTRO
245,SALCOBRAND,,MAIPU,,SALCOBRAND,SALCOBRAND
246,SALCOBRAND,,MAIPU,,SALCOBRAND,SALCOBRAND
247,SALCOBRAND,,MAIPU,,SALCOBRAND,SALCOBRAND
248,SALCOBRAND,,MAIPU,,SALCOBRAND,SALCOBRAND
249,AHUMADA,,MAIPU,,AHUMADA,AHUMADA
250,AHUMADA,,MAIPU,,AHUMADA,AHUMADA
251,AHUMADA,,MAIPU,,AHUMADA,AHUMADA
252,AHUMADA,,MAIPU,,AHUMADA,AHUMADA
253,AHUMADA,,MAIPU,,AHUMADA,AHUMADA
254,AHUMADA,,MAIPU,,AHUMADA,AHUMADA
255,AHUMADA,,MAIPU,,AHUMADA,AHUMADA
256,ALMENDRA,,MAIPU,,ALMENDRA,OTRO
257,BELEN,,MAIPU,,BELEN,OTRO
258,BELEN,,MAIPU,,BELEN,OTRO
259,APOTHEKE,,MAIPU,,APOTHEKE,OTRO
260,CRUZ VERDE,,MAIPU,,CRUZ VERDE,CRUZ VERDE
261,CRUZ VERDE,,MAIPU,,CRUZ VERDE,CRUZ VERDE
262,CRUZ VERDE,,MAIPU,,CRUZ VERDE,CRUZ VERDE
263,CRUZ VERDE,,MAIPU,,CRUZ VERDE,CRUZ VERDE
264,CRUZ VERDE,,MAIPU,,CRUZ VERDE,CRUZ VERDE
265,CRUZ VERDE,,MAIPU,,CRUZ VERDE,CRUZ VERDE
266,CRUZ VERDE,,MAIPU,,CRUZ VERDE,CRUZ VERDE
267,CRUZ VERDE,,MAIPU,,CRUZ VERDE,CRUZ VERDE
268,CRUZ VERDE,,MAIPU,,CRUZ VERDE,CRUZ VERDE
269,CRUZ VERDE,,LA REINA,,CRUZ VERDE,CRUZ VERDE
270,DEL PARQUE,,MAIPU,,DEL PARQUE,OTRO
271,ECONOFARMA,,MAIPU,,ECONOFARMA,OTRO
272,EXPRESS,,MAIPU,,EXPRESS,OTRO
273,MEBAL,,MAIPU,,MEBAL,OTRO
274,MEVIC,,MAIPU,,MEVIC,OTRO
275,MEVIC,,MAIPU,,MEVIC,OTRO
276,VIDA SALUD,,MAIPU,,VIDA SALUD,OTRO
277,SU FARMACIA,,MAIPU,,SU FARMACIA,OTRO
278,NETFARMA,,MAIPU,,NETFARMA,OTRO
279,AHUMADA,,MELIPILLA,,AHUMADA,AHUMADA
280,CRUZ VERDE,,MELIPILLA,,CRUZ VERDE,CRUZ VERDE
281,CRUZ VERDE,,MELIPILLA,,CRUZ VERDE,CRUZ VERDE
282,EKONOFARMA,,MELIPILLA,,EKONOFARMA,OTRO
283,REDONDO,,MELIPILLA,,REDONDO,OTRO
284,SERRANO,,MELIPILLA,,SERRANO,OTRO
285,SALCOBRAND,,MELIPILLA,,SALCOBRAND,SALCOBRAND
286,SALCOBRAND,,MELIPILLA,,SALCOBRAND,SALCOBRAND
287,AHUMADA,,NUNOA,,AHUMADA,AHUMADA
288,AHUMADA,,NUNOA,,AHUMADA,AHUMADA
289,SALCOBRAND,,NUNOA,,SALCOBRAND,SALCOBRAND
290,SALCOBRAND,,NUNOA,,SALCOBRAND,SALCOBRAND
291,SALCOBRAND,,NUNOA,,SALCOBRAND,SALCOBRAND
292,SALCOBRAND,,NUNOA,,SALCOBRAND,SALCOBRAND
293,SALCOBRAND,,NUNOA,,SALCOBRAND,SALCOBRAND
294,SALCOBRAND,,NUNOA,,SALCOBRAND,SALCOBRAND
295,AHUMADA,,NUNOA,,AHUMADA,AHUMADA
296,AHUMADA,,NUNOA,,AHUMADA,AHUMADA
297,AHUMADA,,NUNOA,,AHUMADA,AHUMADA
298,AHUMADA,,NUNOA,,AHUMADA,AHUMADA
299,AHUMADA,,NUNOA,,AHUMADA,AHUMADA
300,AHUMADA,,NUNOA,,AHUMADA,AHUMADA
301,CRUZ VERDE,,NUNOA,,CRUZ VERDE,CRUZ VERDE
302,CRUZ VERDE,,NUNOA,,CRUZ VERDE,CRUZ VERDE
303,CRUZ VERDE,,NUNOA,,CRUZ VERDE,CRUZ VERDE
304,CRUZ VERDE,,NUNOA,,CRUZ VERDE,CRUZ VERDE
305,CRUZ VERDE,,NUNOA,,CRUZ VERDE,CRUZ VERDE
306,CRUZ VERDE,,NUNOA,,CRUZ VERDE,CRUZ VERDE
307,CRUZ VERDE,,NUNOA,,CRUZ VERDE,CRUZ VERDE
308,CRUZ VERDE,,NUNOA,,CRUZ VERDE,CRUZ VERDE
309,CRUZ VERDE,,NUNOA,,CRUZ VERDE,CRUZ VERDE
310,CRUZ VERDE,,NUNOA,,CRUZ VERDE,CRUZ VERDE
311,CRUZ VERDE,,NUNOA,,CRUZ VERDE,CRUZ VERDE
312,CRUZ VERDE,,NUNOA,,CRUZ VERDE,CRUZ VERDE
313,CRUZ VERDE,,NUNOA,,CRUZ VERDE,CRUZ VERDE
314,INSTITUCIONAL,,NUNOA,,INSTITUCIONAL,OTRO
315,REDOXX,,NUNOA,,REDOXX,OTRO
316,SALCOBRAND,,NUNOA,,SALCOBRAND,SALCOBRAND
317,SANTA  GEMITA,,NUNOA,,SANTA  GEMITA,OTRO
318,SALCOBRAND,,NUNOA,,SALCOBRAND,SALCOBRAND
319,SAN JUAN,,PADRE HURTADO,,SAN JUAN,OTRO
320,FARMAMARKET,,PADRE HURTADO,,FARMAMARKET,OTRO
321,CRUZ VERDE,,PAINE,,CRUZ VERDE,CRUZ VERDE
322,PLAZA PAINE,,PAINE,,PLAZA PAINE,OTRO
323,CRUZ VERDE,,PEDRO AGUIRRE CERDA,,CRUZ VERDE,CRUZ VERDE
324,CRUZ VERDE,,PEDRO AGUIRRE CERDA,,CRUZ VERDE,CRUZ VERDE
325,IDAHUE,,PEDRO AGUIRRE CERDA,,IDAHUE,OTRO
326,LA BOTIKA,,PEDRO AGUIRRE CERDA,,LA BOTIKA,OTRO
327,FARMA-MARKET,,PENAFLOR,,FARMA-MARKET,OTRO
328,AHUMADA,,PENAFLOR,,AHUMADA,AHUMADA
329,CRUZ VERDE,,PENAFLOR,,CRUZ VERDE,CRUZ VERDE
330,CRUZ VERDE,,PENAFLOR,,CRUZ VERDE,CRUZ VERDE
331,CRUZ VERDE,,PENAFLOR,,CRUZ VERDE,CRUZ VERDE
332,CRUZ VERDE,,PENAFLOR,,CRUZ VERDE,CRUZ VERDE
333,MALLOCO,,PENAFLOR,,MALLOCO,OTRO
334,SAN JUAN,,PENAFLOR,,SAN JUAN,OTRO
335,SALCOBRAND,,PENALOLEN,,SALCOBRAND,SALCOBRAND
336,SALCOBRAND,,PENALOLEN,,SALCOBRAND,SALCOBRAND
337,SALCOBRAND,,PENALOLEN,,SALCOBRAND,SALCOBRAND
338,AHUMADA,,PENALOLEN,,AHUMADA,AHUMADA
339,AHUMADA,,PENALOLEN,,AHUMADA,AHUMADA
340,AHUMADA,,PENALOLEN,,AHUMADA,AHUMADA
341,AHUMADA,,PENALOLEN,,AHUMADA,AHUMADA
342,BELEN,,PENALOLEN,,BELEN,OTRO
343,CRUZ VERDE,,PENALOLEN,,CRUZ VERDE,CRUZ VERDE
344,CRUZ VERDE,,PENALOLEN,,CRUZ VERDE,CRUZ VERDE
345,CRUZ VERDE,,PENALOLEN,,CRUZ VERDE,CRUZ VERDE
346,CRUZ VERDE,,PENALOLEN,,CRUZ VERDE,CRUZ VERDE
347,CRUZ VERDE,,PENALOLEN,,CRUZ VERDE,CRUZ VERDE
348,CRUZ VERDE,,PENALOLEN,,CRUZ VERDE,CRUZ VERDE
349,DEL DR. SIMI,,PENALOLEN,,DEL DR. SIMI,OTRO
350,DEL DR. SIMI,,PENALOLEN,,DEL DR. SIMI,OTRO
351,DEL DR. SIMI,,PENALOLEN,,DEL DR. SIMI,OTRO
352,EL VALLE,,PENALOLEN,,EL VALLE,OTRO
353,MEDDICA,,PENALOLEN,,MEDDICA,OTRO
354,GENNETIKA,,PENALOLEN,,GENNETIKA,OTRO
355,GALLARDO,,PENALOLEN,,GALLARDO,OTRO
356,LA BOTIKA,,PENALOLEN,,LA BOTIKA,OTRO
357,SALCOBRAND,,PENALOLEN,,SALCOBRAND,SALCOBRAND
358,SALCOBRAND,,PENALOLEN,,SALCOBRAND,SALCOBRAND
359,SALCOBRAND,,PIRQUE,,SALCOBRAND,SALCOBRAND
360,SALCOBRAND,,PROVIDENCIA,,SALCOBRAND,SALCOBRAND
361,SALCOBRAND,,PROVIDENCIA,,SALCOBRAND,SALCOBRAND
362,SALCOBRAND,,PROVIDENCIA,,SALCOBRAND,SALCOBRAND
363,SALCOBRAND,,PROVIDENCIA,,SALCOBRAND,SALCOBRAND
364,AHUMADA,,PROVIDENCIA,,AHUMADA,AHUMADA
365,AHUMADA,,PROVIDENCIA,,AHUMADA,AHUMADA
366,AHUMADA,,PROVIDENCIA,,AHUMADA,AHUMADA
367,AHUMADA,,PROVIDENCIA,,AHUMADA,AHUMADA
368,AHUMADA,,PROVIDENCIA,,AHUMADA,AHUMADA
369,AHUMADA,,PROVIDENCIA,,AHUMADA,AHUMADA
370,AHUMADA,,PROVIDENCIA,,AHUMADA,AHUMADA
371,CARMEN,,PROVIDENCIA,,CARMEN,OTRO
372,CRUZ VERDE,,PROVIDENCIA,,CRUZ VERDE,CRUZ VERDE
373,CRUZ VERDE,,PROVIDENCIA,,CRUZ VERDE,CRUZ VERDE
374,CRUZ VERDE,,PROVIDENCIA,,CRUZ VERDE,CRUZ VERDE
375,CRUZ VERDE,,PROVIDENCIA,,CRUZ VERDE,CRUZ VERDE
376,CRUZ VERDE,,PROVIDENCIA,,CRUZ VERDE,CRUZ VERDE
377,CRUZ VERDE,,PROVIDENCIA,,CRUZ VERDE,CRUZ VERDE
378,LIDO,,PROVIDENCIA,,LIDO,OTRO
379,ROESAR,,PROVIDENCIA,,ROESAR,OTRO
380,SALCOBRAND,,PROVIDENCIA,,SALCOBRAND,SALCOBRAND
381,SALCOBRAND,,PROVIDENCIA,,SALCOBRAND,SALCOBRAND
382,SALCOBRAND,,PROVIDENCIA,,SALCOBRAND,SALCOBRAND
383,FARMA UNO,,PUDAHUEL,,FARMA UNO,OTRO
384,AHUMADA,,PUDAHUEL,,AHUMADA,AHUMADA
385,AHUMADA,,PUDAHUEL,,AHUMADA,AHUMADA
386,AHUMADA,,PUDAHUEL,,AHUMADA,AHUMADA
387,AHUMADA,,PUDAHUEL,,AHUMADA,AHUMADA
388,BELEN,,PUDAHUEL,,BELEN,OTRO
389,CRUZ VERDE,,PUDAHUEL,,CRUZ VERDE,CRUZ VERDE
390,CRUZ VERDE,,PUDAHUEL,,CRUZ VERDE,CRUZ VERDE
391,EMIFAR,,PUDAHUEL,,EMIFAR,OTRO
392,LAISA,,PUDAHUEL,,LAISA,OTRO
393,FARMA OFERTA,,PUDAHUEL,,FARMA OFERTA,OTRO
394,CRUZ VERDE,,PUDAHUEL,,CRUZ VERDE,CRUZ VERDE
395,SAN PIO,,PUDAHUEL,,SAN PIO,OTRO
396,TIERRA DEL FUEGO,,PUDAHUEL,,TIERRA DEL FUEGO,OTRO
397,TORRES,,PUDAHUEL,,TORRES,OTRO
398,LAS PRINCESAS,,PUDAHUEL,,LAS PRINCESAS,OTRO
399,SALCOBRAND,,PUENTE ALTO,,SALCOBRAND,SALCOBRAND
400,SALCOBRAND,,PUENTE ALTO,,SALCOBRAND,SALCOBRAND
401,SALCOBRAND,,PUENTE ALTO,,SALCOBRAND,SALCOBRAND
402,SALCOBRAND,,PUENTE ALTO,,SALCOBRAND,SALCOBRAND
403,LA BOTIKA,,PUENTE ALTO,,LA BOTIKA,OTRO
404,LOS TOROS,,PUENTE ALTO,,LOS TOROS,OTRO
405,AHUMADA,,PUENTE ALTO,,AHUMADA,AHUMADA
406,AHUMADA,,PUENTE ALTO,,AHUMADA,AHUMADA
407,AHUMADA,,PUENTE ALTO,,AHUMADA,AHUMADA
408,AHUMADA,,PUENTE ALTO,,AHUMADA,AHUMADA
409,ANGEL,,PUENTE ALTO,,ANGEL,OTRO
410,ARES,,PUENTE ALTO,,ARES,OTRO
411,CARMEN,,PUENTE ALTO,,CARMEN,OTRO
412,CATALINA,,PUENTE ALTO,,CATALINA,OTRO
413,CRUZ VERDE,,PUENTE ALTO,,CRUZ VERDE,CRUZ VERDE
414,CRUZ VERDE,,PUENTE ALTO,,CRUZ VERDE,CRUZ VERDE
415,CRUZ VERDE,,PUENTE ALTO,,CRUZ VERDE,CRUZ VERDE
416,CRUZ VERDE,,PUENTE ALTO,,CRUZ VERDE,CRUZ VERDE
417,CRUZ VERDE,,PUENTE ALTO,,CRUZ VERDE,CRUZ VERDE
418,CRUZ VERDE,,PUENTE ALTO,,CRUZ VERDE,CRUZ VERDE
419,CRUZ VERDE,,PUENTE ALTO,,CRUZ VERDE,CRUZ VERDE
420,CRUZ VERDE,,PUENTE ALTO,,CRUZ VERDE,CRUZ VERDE
421,CRUZ VERDE,,PUENTE ALTO,,CRUZ VERDE,CRUZ VERDE
422,CRUZ VERDE,,PUENTE ALTO,,CRUZ VERDE,CRUZ VERDE
423,J M,,PUENTE ALTO,,J M,OTRO
424,DEL DR. SIMI,,PUENTE ALTO,,DEL DR. SIMI,OTRO
425,FULLFARMA,,PUENTE ALTO,,FULLFARMA,OTRO
426,SALUD FARMA,,PUENTE ALTO,,SALUD FARMA,OTRO
427,LOS PALTOS,,PUENTE ALTO,,LOS PALTOS,OTRO
428,MEDDICA,,PUENTE ALTO,,MEDDICA,OTRO
429,PATRICIO,,PUENTE ALTO,,PATRICIO,OTRO
430,PATRICIO,,PUENTE ALTO,,PATRICIO,OTRO
431,DONDE'L LORITO,,PUENTE ALTO,,DONDE'L LORITO,OTRO
432,SALCOBRAND,,PUENTE ALTO,,SALCOBRAND,SALCOBRAND
433,SALCOBRAND,,PUENTE ALTO,,SALCOBRAND,SALCOBRAND
434,SALCOBRAND,,QUILICURA,,SALCOBRAND,SALCOBRAND
435,AHUMADA,,QUILICURA,,AHUMADA,AHUMADA
436,AHUMADA,,QUILICURA,,AHUMADA,AHUMADA
437,BELEN,,QUILICURA,,BELEN,OTRO
438,BELEN,,QUILICURA,,BELEN,OTRO
439,CRUZ VERDE,,QUILICURA,,CRUZ VERDE,CRUZ VERDE
440,CRUZ VERDE,,QUILICURA,,CRUZ VERDE,CRUZ VERDE
441,NUEVA REAL,,QUILICURA,,NUEVA REAL,OTRO
442,SCANDIC,,QUILICURA,,SCANDIC,OTRO
443,SALCOBRAND,,QUILICURA,,SALCOBRAND,SALCOBRAND
444,AHUMADA,,QUINTA NORMAL,,AHUMADA,AHUMADA
445,CRUZ VERDE,,QUINTA NORMAL,,CRUZ VERDE,CRUZ VERDE
446,EMIFAR,,QUINTA NORMAL,,EMIFAR,OTRO
447,MACARENA,,QUINTA NORMAL,,MACARENA,OTRO
448,MENDOZA,,QUINTA NORMAL,,MENDOZA,OTRO
449,MEVIC,,QUINTA NORMAL,,MEVIC,OTRO
450,MYPHARMA,,QUINTA NORMAL,,MYPHARMA,OTRO
451,AHUMADA,,RECOLETA,,AHUMADA,AHUMADA
452,AHUMADA,,RECOLETA,,AHUMADA,AHUMADA
453,B P M,,RECOLETA,,B P M,OTRO
454,CRUZ DEL NORTE,,RECOLETA,,CRUZ DEL NORTE,OTRO
455,FARMARKET,,RECOLETA,,FARMARKET,OTRO
456,CRUZ VERDE,,RECOLETA,,CRUZ VERDE,CRUZ VERDE
457,CRUZ VERDE,,RECOLETA,,CRUZ VERDE,CRUZ VERDE
458,MARSIL,,RECOLETA,,MARSIL,OTRO
459,EL SALTO,,RECOLETA,,EL SALTO,OTRO
460,AHUMADA,,RENCA,,AHUMADA,AHUMADA
461,CRUZ VERDE,,RENCA,,CRUZ VERDE,CRUZ VERDE
462,CRUZ VERDE,,RENCA,,CRUZ VERDE,CRUZ VERDE
463,MEDDICA,,RENCA,,MEDDICA,OTRO
464,DONDE'L LORITO,,RENCA,,DONDE'L LORITO,OTRO
465,SALCOBRAND,,RENCA,,SALCOBRAND,SALCOBRAND
466,SALCOBRAND,,SAN BERNARDO,,SALCOBRAND,SALCOBRAND
467,SALCOBRAND,,SAN BERNARDO,,SALCOBRAND,SALCOBRAND
468,SALCOBRAND,,SAN BERNARDO,,SALCOBRAND,SALCOBRAND
469,SALCOBRAND,,SAN BERNARDO,,SALCOBRAND,SALCOBRAND
470,SALCOBRAND,,SAN BERNARDO,,SALCOBRAND,SALCOBRAND
471,AHUMADA,,SAN BERNARDO,,AHUMADA,AHUMADA
472,AHUMADA,,SAN BERNARDO,,AHUMADA,AHUMADA
473,BELEN,,SAN BERNARDO,,BELEN,OTRO
474,CRUZ VERDE,,SAN BERNARDO,,CRUZ VERDE,CRUZ VERDE
475,CRUZ VERDE,,SAN BERNARDO,,CRUZ VERDE,CRUZ VERDE
476,CRUZ VERDE,,SAN BERNARDO,,CRUZ VERDE,CRUZ VERDE
477,CRUZ VERDE,,SAN BERNARDO,,CRUZ VERDE,CRUZ VERDE
478,CRUZ VERDE,,SAN BERNARDO,,CRUZ VERDE,CRUZ VERDE
479,LOS ALMENDROS,,SAN BERNARDO,,LOS ALMENDROS,OTRO
480,LOS OLIVOS,,SAN BERNARDO,,LOS OLIVOS,OTRO
481,LA BOTIKA,,SAN JOAQUIN,,LA BOTIKA,OTRO
482,DAMYFAR,,SAN JOAQUIN,,DAMYFAR,OTRO
483,DEL DR. SIMI,,SAN JOAQUIN,,DEL DR. SIMI,OTRO
484,FARMAVIDA,,SAN JOAQUIN,,FARMAVIDA,OTRO
485,THERAPIA IV,,SAN JOAQUIN,,THERAPIA IV,OTRO
486,SAN ANDRES,,SAN JOSE DE MAIPO,,SAN ANDRES,OTRO
487,SALCOBRAND,,SAN MIGUEL,,SALCOBRAND,SALCOBRAND
488,SALCOBRAND,,SAN MIGUEL,,SALCOBRAND,SALCOBRAND
489,AHUMADA,,SAN MIGUEL,,AHUMADA,AHUMADA
490,AHUMADA,,SAN MIGUEL,,AHUMADA,AHUMADA
491,CARYVON,,SAN MIGUEL,,CARYVON,OTRO
492,CRUZ VERDE,,SAN MIGUEL,,CRUZ VERDE,CRUZ VERDE
493,CRUZ VERDE,,SAN MIGUEL,,CRUZ VERDE,CRUZ VERDE
494,CRUZ VERDE,,SAN MIGUEL,,CRUZ VERDE,CRUZ VERDE
495,CRUZ VERDE,,SAN MIGUEL,,CRUZ VERDE,CRUZ VERDE
496,SAN JOSE,,SAN MIGUEL,,SAN JOSE,OTRO
497,SALCOBRAND,,SAN MIGUEL,,SALCOBRAND,SALCOBRAND
498,CRUZ VERDE,,SAN RAMON,,CRUZ VERDE,CRUZ VERDE
499,MANRIQUEZ,,SAN RAMON,,MANRIQUEZ,OTRO
500,DEL DR. SIMI,,SAN RAMON,,DEL DR. SIMI,OTRO
501,SALCOBRAND,,SANTIAGO,,SALCOBRAND,SALCOBRAND
502,SALCOBRAND,,SANTIAGO,,SALCOBRAND,SALCOBRAND
503,SALCOBRAND,,SANTIAGO,,SALCOBRAND,SALCOBRAND
504,SALCOBRAND,,SANTIAGO,,SALCOBRAND,SALCOBRAND
505,SALCOBRAND,,SANTIAGO,,SALCOBRAND,SALCOBRAND
506,SALCOBRAND,,SANTIAGO,,SALCOBRAND,SALCOBRAND
507,SALCOBRAND,,SANTIAGO,,SALCOBRAND,SALCOBRAND
508,SALCOBRAND,,SANTIAGO,,SALCOBRAND,SALCOBRAND
509,SALCOBRAND,,SANTIAGO,,SALCOBRAND,SALCOBRAND
510,SALCOBRAND,,SANTIAGO,,SALCOBRAND,SALCOBRAND
511,SALCOBRAND,,SANTIAGO,,SALCOBRAND,SALCOBRAND
512,SALCOBRAND,,SANTIAGO,,SALCOBRAND,SALCOBRAND
513,AHUMADA,,SANTIAGO,,AHUMADA,AHUMADA
514,AHUMADA,,SANTIAGO,,AHUMADA,AHUMADA
515,AHUMADA,,SANTIAGO,,AHUMADA,AHUMADA
516,CRUZ VERDE,,SANTIAGO,,CRUZ VERDE,CRUZ VERDE
517,CRUZ VERDE,,SANTIAGO,,CRUZ VERDE,CRUZ VERDE
518,CRUZ VERDE,,SANTIAGO,,CRUZ VERDE,CRUZ VERDE
519,CRUZ VERDE,,SANTIAGO,,CRUZ VERDE,CRUZ VERDE
520,CRUZ VERDE,,SANTIAGO,,CRUZ VERDE,CRUZ VERDE
521,CRUZ VERDE,,SANTIAGO,,CRUZ VERDE,CRUZ VERDE
522,CRUZ VERDE,,SANTIAGO,,CRUZ VERDE,CRUZ VERDE
523,CRUZ VERDE,,SANTIAGO,,CRUZ VERDE,CRUZ VERDE
524,CRUZ VERDE,,SANTIAGO,,CRUZ VERDE,CRUZ VERDE
525,CRUZ VERDE,,SANTIAGO,,CRUZ VERDE,CRUZ VERDE
526,CRUZ VERDE,,SANTIAGO,,CRUZ VERDE,CRUZ VERDE
527,CRUZ VERDE,,SANTIAGO,,CRUZ VERDE,CRUZ VERDE
528,CRUZ VERDE,,SANTIAGO,,CRUZ VERDE,CRUZ VERDE
529,DEL DR. SIMI,,SANTIAGO,,DEL DR. SIMI,OTRO
530,BELEN,,SANTIAGO,,BELEN,OTRO
531,DEL DR. SIMI,,SANTIAGO,,DEL DR. SIMI,OTRO
532,FARMAX,,SANTIAGO,,FARMAX,OTRO
533,LA BOTICA  SALCOBRAND,,SANTIAGO,,LA BOTICA  SALCOBRAND,OTRO
534,NOBEL,,SANTIAGO,,NOBEL,OTRO
535,MAVI,,SANTIAGO,,MAVI,OTRO
536,REDFARMA,,SANTIAGO,,REDFARMA,OTRO
537,REDFARMA,,SANTIAGO,,REDFARMA,OTRO
538,VALDIVIESO,,SANTIAGO,,VALDIVIESO,OTRO
539,VANIA,,SANTIAGO,,VANIA,OTRO
540,CRUZ VERDE,,SANTIAGO,,CRUZ VERDE,CRUZ VERDE
541,NUEVA BOGOTA,,SANTIAGO,,NUEVA BOGOTA,OTRO
542,SALCOBRAND,,TALAGANTE,,SALCOBRAND,SALCOBRAND
543,SAN PATRICIO,,MAIPU,,SAN PATRICIO,OTRO
544,AHUMADA,,TALAGANTE,,AHUMADA,AHUMADA
545,CRUZ VERDE,,TALAGANTE,,CRUZ VERDE,CRUZ VERDE
546,AHUMADA,,TALAGANTE,,AHUMADA,AHUMADA
547,CRUZ VERDE,,TALAGANTE,,CRUZ VERDE,CRUZ VERDE
548,MI FARMACIA,,TALAGANTE,,MI FARMACIA,OTRO
549,FARMA-MARKET,,TALAGANTE,,FARMA-MARKET,OTRO
550,BELEN,,TIL-TIL,,BELEN,OTRO
551,SALCOBRAND,,VITACURA,,SALCOBRAND,SALCOBRAND
552,SALCOBRAND,,VITACURA,,SALCOBRAND,SALCOBRAND
553,SALCOBRAND,,VITACURA,,SALCOBRAND,SALCOBRAND
554,SALCOBRAND,,VITACURA,,SALCOBRAND,SALCOBRAND
555,SALCOBRAND,,VITACURA,,SALCOBRAND,SALCOBRAND
556,SALCOBRAND,,VITACURA,,SALCOBRAND,SALCOBRAND
557,AHUMADA,,VITACURA,,AHUMADA,AHUMADA
558,AHUMADA,,VITACURA,,AHUMADA,AHUMADA
559,AHUMADA,,VITACURA,,AHUMADA,AHUMADA
560,AHUMADA,,VITACURA,,AHUMADA,AHUMADA
561,AHUMADA,,VITACURA,,AHUMADA,AHUMADA
562,CRUZ VERDE,,VITACURA,,CRUZ VERDE,CRUZ VERDE
563,CRUZ VERDE,,VITACURA,,CRUZ VERDE,CRUZ VERDE
564,CRUZ VERDE,,VITACURA,,CRUZ VERDE,CRUZ VERDE
565,CRUZ VERDE,,VITACURA,,CRUZ VERDE,CRUZ VERDE
566,CRUZ VERDE,,VITACURA,,CRUZ VERDE,CRUZ VERDE
567,CRUZ VERDE,,VITACURA,,CRUZ VERDE,CRUZ VERDE
568,CRUZ VERDE,,VITACURA,,CRUZ VERDE,CRUZ VERDE
569,CRUZ VERDE,,PENALOLEN,,CRUZ VERDE,CRUZ VERDE
570,AHUMADA,,SAN MIGUEL,,AHUMADA,AHUMADA
571,CRUZ VERDE,,SANTIAGO,,CRUZ VERDE,CRUZ VERDE
572,CRUZ VERDE,,COLINA,,CRUZ VERDE,CRUZ VERDE
573,SALCOBRAND,,QUILICURA,,SALCOBRAND,SALCOBRAND
574,AHUMADA,,PUENTE ALTO,,AHUMADA,AHUMADA
575,SALCOBRAND,,PAINE,,SALCOBRAND,SALCOBRAND
576,ESTRELLA,,SAN JOAQUIN,,ESTRELLA,OTRO
577,YORUGUA,,LA FLORIDA,,YORUGUA,OTRO
578,AHUMADA,,LAS CONDES,,AHUMADA,AHUMADA
579,CRUZ VERDE,,PROVIDENCIA,,CRUZ VERDE,CRUZ VERDE
580,AHUMADA,,SAN BERNARDO,,AHUMADA,AHUMADA
581,JUMBO,,LAS CONDES,,JUMBO,OTRO
582,AHUMADA,,SAN JOAQUIN,,AHUMADA,AHUMADA
583,SALCOBRAND,,MAIPU,,SALCOBRAND,SALCOBRAND
584,CRUZ VERDE,,RECOLETA,,CRUZ VERDE,CRUZ VERDE
585,CRUZ VERDE,,LO BARNECHEA,,CRUZ VERDE,CRUZ VERDE
586,NETFARMA,,PUDAHUEL,,NETFARMA,OTRO
587,SALCOBRAND,,VITACURA,,SALCOBRAND,SALCOBRAND
588,SALCOBRAND,,LA REINA,,SALCOBRAND,SALCOBRAND
589,CRUZ VERDE,,SAN BERNARDO,,CRUZ VERDE,CRUZ VERDE
590,AHUMADA,,LA REINA,,AHUMADA,AHUMADA
591,CRUZ VERDE,,LA REINA,,CRUZ VERDE,CRUZ VERDE
592,AHUMADA,,LAS CONDES,,AHUMADA,AHUMADA
593,CRUZ VERDE,,VITACURA,,CRUZ VERDE,CRUZ VERDE
594,CRUZ VERDE,,PUENTE ALTO,,CRUZ VERDE,CRUZ VERDE
595,AHUMADA,,VITACURA,,AHUMADA,AHUMADA
596,SALCOBRAND,,SANTIAGO,,SALCOBRAND,SALCOBRAND
597,LATINOAMERICANA,,RECOLETA,,LATINOAMERICANA,OTRO
598,CRUZ VERDE,,VITACURA,,CRUZ VERDE,CRUZ VERDE
599,SALCOBRAND,,PROVIDENCIA,,SALCOBRAND,SALCOBRAND
600,AHUMADA,,LA PINTANA,,AHUMADA,AHUMADA
601,AHUMADA,,LA FLORIDA,,AHUMADA,AHUMADA
602,CRUZ VERDE,,NUNOA,,CRUZ VERDE,CRUZ VERDE
603,SALCOBRAND,,SAN BERNARDO,,SALCOBRAND,SALCOBRAND
604,AHUMADA,,CERRILLOS,,AHUMADA,AHUMADA
605,AHUMADA,,MELIPILLA,,AHUMADA,AHUMADA
606,CRUZ VERDE,,LA REINA,,CRUZ VERDE,CRUZ VERDE
607,DR SIMI,,SANTIAGO,,DR SIMI,OTRO
608,FARMAMARKET,,ISLA DE MAIPO,,FARMAMARKET,OTRO
609,LINCE,,PROVIDENCIA,,LINCE,OTRO
610,AHUMADA,,SAN BERNARDO,,AHUMADA,AHUMADA
611,CRUZ VERDE,,PUENTE ALTO,,CRUZ VERDE,CRUZ VERDE
612,CRUZ VERDE,,NUNOA,,CRUZ VERDE,CRUZ VERDE
613,SALCOBRAND,,QUILICURA,,SALCOBRAND,SALCOBRAND
614,SALCOBRAND,,PROVIDENCIA,,SALCOBRAND,SALCOBRAND
615,SALCOBRAND,,LO BARNECHEA,,SALCOBRAND,SALCOBRAND
616,AHUMADA,,NUNOA,,AHUMADA,AHUMADA
617,LATINOAMERICANA,,NUNOA,,LATINOAMERICANA,OTRO
618,CRUZ VERDE,,LA REINA,,CRUZ VERDE,CRUZ VERDE
619,AHUMADA,,LO BARNECHEA,,AHUMADA,AHUMADA
620,SALCOBRAND,,NUNOA,,SALCOBRAND,SALCOBRAND
621,SALCOBRAND,,COLINA,,SALCOBRAND,SALCOBRAND
622,CRUZ VERDE,,CERRILLOS,,CRUZ VERDE,CRUZ VERDE
623,AHUMADA,,COLINA,,AHUMADA,AHUMADA
624,SALCOBRAND,,MAIPU,,SALCOBRAND,SALCOBRAND
625,LOS ORIENTALES,,NUNOA,,LOS ORIENTALES,OTRO
626,AHUMADA,,HUECHURABA,,AHUMADA,AHUMADA
627,CRUZ VERDE,,ESTACION CENTRAL,,CRUZ VERDE,CRUZ VERDE
628,SALCOBRAND,,NUNOA,,SALCOBRAND,SALCOBRAND
629,CRUZ VERDE,,NUNOA,,CRUZ VERDE,CRUZ VERDE
630,OMLU,,CALERA DE TANGO,,OMLU,OTRO
631,AHUMADA,,LAS CONDES,,AHUMADA,AHUMADA
632,SALCOBRAND,,SAN BERNARDO,,SALCOBRAND,SALCOBRAND
633,PRAT,,SAN BERNARDO,,PRAT,OTRO
634,AHUMADA,,COLINA,,AHUMADA,AHUMADA
635,CRUZ VERDE,,PADRE HURTADO,,CRUZ VERDE,CRUZ VERDE
636,MANRIQUEZ,,SAN RAMON,,MANRIQUEZ,OTRO
637,SALCOBRAND,,SANTIAGO,,SALCOBRAND,SALCOBRAND
638,SALCOBRAND,,NUNOA,,SALCOBRAND,SALCOBRAND
639,CRUZ VERDE,,SANTIAGO,,CRUZ VERDE,CRUZ VERDE
640,CRUZ VERDE,,NUNOA,,CRUZ VERDE,CRUZ VERDE
641,SOLUFAR,,HUECHURABA,,SOLUFAR,OTRO
642,SALCOBRAND,,LA FLORIDA,,SALCOBRAND,SALCOBRAND
643,CRUZ VERDE,,NUNOA,,CRUZ VERDE,CRUZ VERDE
644,CRUZ VERDE,,PUENTE ALTO,,CRUZ VERDE,CRUZ VERDE
645,MEDDICA,,SANTIAGO,,MEDDICA,OTRO
646,MEDDICA,,QUILICURA,,MEDDICA,OTRO
647,ESMERALDA,,COLINA,,ESMERALDA,OTRO
648,CRUZ VERDE,,LO PRADO,,CRUZ VERDE,CRUZ VERDE
649,FARMAS,,MAIPU,,FARMAS,OTRO
650,CRUZ VERDE,,PROVIDENCIA,,CRUZ VERDE,CRUZ VERDE
651,CRUZ VERDE,,PROVIDENCIA,,CRUZ VERDE,CRUZ VERDE
652,MEDDICA,,SANTIAGO,,MEDDICA,OTRO
653,FARMA TOTAL,,SANTIAGO,,FARMA TOTAL,OTRO
654,CRUZ VERDE,,PADRE HURTADO,,CRUZ VERDE,CRUZ VERDE
655,SEGAL,,EL BOSQUE,,SEGAL,OTRO
656,DEL DR SIMI,,LAMPA,,DEL DR SIMI,OTRO
657,AHUMADA,,INDEPENDENCIA,,AHUMADA,AHUMADA
658,FARMAHORRO,,LA GRANJA,,FARMAHORRO,OTRO
659,ECONOFARMA,,MAIPU,,ECONOFARMA,OTRO
660,SALCOBRAND,,SAN MIGUEL,,SALCOBRAND,SALCOBRAND
661,LA BOTICA ITALIA,,PROVIDENCIA,,LA BOTICA ITALIA,OTRO
662,AHUMADA,,PENALOLEN,,AHUMADA,AHUMADA
663,OMEGA,,LA FLORIDA,,OMEGA,OTRO
664,CRUZ VERDE,,LAS CONDES,,CRUZ VERDE,CRUZ VERDE
665,KNOP,,HUECHURABA,,KNOP,OTRO
666,JUMBO EL LLANO J513,,SAN MIGUEL,,JUMBO EL LLANO J513,OTRO
667,CRUZ VERDE,,LA FLORIDA,,CRUZ VERDE,CRUZ VERDE
668,SALCOBRAND,,LAS CONDES,,SALCOBRAND,SALCOBRAND
669,FARMATOTAL,,PROVIDENCIA,,FARMATOTAL,OTRO
670,JUMBO,,PENALOLEN,,JUMBO,OTRO
671,CRUZ VERDE,,PROVIDENCIA,,CRUZ VERDE,CRUZ VERDE
672,SALCOBRAND,,LAS CONDES,,SALCOBRAND,SALCOBRAND
673,CRUZ VERDE,,CALERA DE TANGO,,CRUZ VERDE,CRUZ VERDE
674,SALCOBRAND,,QUILICURA,,SALCOBRAND,SALCOBRAND
675,IBIZA,,MAIPU,,IBIZA,OTRO
676,SAINT GERMAIN,,MAIPU,,SAINT GERMAIN,OTRO
677,DEL CARMEN,,MAIPU,,DEL CARMEN,OTRO
678,SALCOBRAND,,COLINA,,SALCOBRAND,SALCOBRAND
679,AHUMADA,,LA FLORIDA,,AHUMADA,AHUMADA
680,ISLEiEEA,,ISLA DE MAIPO,,ISLEiEEA,OTRO
681,DiEEAZ,,LO PRADO,,DiEEAZ,OTRO
682,AHUMADA,,LA FLORIDA,,AHUMADA,AHUMADA
683,AHUMADA,,NUNOA,,AHUMADA,AHUMADA
684,AHUMADA,,SANTIAGO,,AHUMADA,AHUMADA
685,AHUMADA,,BUIN,,AHUMADA,AHUMADA
686,AHUMADA,,RENCA,,AHUMADA,AHUMADA
687,AHUMADA,,PROVIDENCIA,,AHUMADA,AHUMADA
688,FARMAMARKET,,PENAFLOR,,FARMAMARKET,OTRO
689,SOLUFAR,,CERRILLOS,,SOLUFAR,OTRO
690,VALVIC,,PADRE HURTADO,,VALVIC,OTRO
691,BELEN,,PUDAHUEL,,BELEN,OTRO
692,MEDICAL STORES,,PUDAHUEL,,MEDICAL STORES,OTRO
693,SU SALUD,,SANTIAGO,,SU SALUD,OTRO
694,LEMBACH,,COLINA,,LEMBACH,OTRO
695,DEL DR. SIMI,,INDEPENDENCIA,,DEL DR. SIMI,OTRO
696,CRUZ VERDE,,LAS CONDES,,CRUZ VERDE,CRUZ VERDE
697,CRUZ VERDE,,HUECHURABA,,CRUZ VERDE,CRUZ VERDE
698,SALCOBRAND,,MACUL,,SALCOBRAND,SALCOBRAND
699,CRUZ VERDE,,TALAGANTE,,CRUZ VERDE,CRUZ VERDE
700,DEL DR. SIMI,,LA FLORIDA,,DEL DR. SIMI,OTRO
701,DEL CARMEN,,MAIPU,,DEL CARMEN,OTRO
702,CRUZ VERDE,,CERRILLOS,,CRUZ VERDE,CRUZ VERDE
703,FARMATOP,,PADRE HURTADO,,FARMATOP,OTRO
704,ECONOFARMA,,CONCHALI,,ECONOFARMA,OTRO
705,CRUZ VERDE,,QUILICURA,,CRUZ VERDE,CRUZ VERDE
706,HERRERA,,PUENTE ALTO,,HERRERA,OTRO
707,JUMBO MAIPU,,MAIPU,,JUMBO MAIPU,OTRO
708,DEL DR. SIMI,,LA FLORIDA,,DEL DR. SIMI,OTRO
709,DEL DR. SIMI,,ESTACION CENTRAL,,DEL DR. SIMI,OTRO
710,CRUZ VERDE,,PENAFLOR,,CRUZ VERDE,CRUZ VERDE
711,CRUZ VERDE,,VITACURA,,CRUZ VERDE,CRUZ VERDE
712,DEL DR. SIMI,,SANTIAGO,,DEL DR. SIMI,OTRO
713,SALCOBRAND,,COLINA,,SALCOBRAND,SALCOBRAND
Metropolitano Sur,,,,Zona Sur,,COMUNA
Metropolitano Central,,,,Zona Central,,COMUNA
Metropolitano Occidente,,,,Zona Occidente,,COMUNA
Metropolitano Norte,,,,Zona Norte,,COMUNA
Metropolitano Suroriente,,,,Zona Suroriente,,COMUNA
Metropolitano Oriente,,,,Zona Oriente,,COMUNA
