,id,latitude,longitude,label
1,AHUMADA,-33.732,-70.735941,BUIN
2,BUIN,-33.729515,-70.739232,BUIN
3,CRUZ VERDE ,-33.733423,-70.737859,BUIN
4,EL ALBA,-33.761703,-70.735348,BUIN
5,PLAZA BUIN,-33.732228,-70.748244,BUIN
6,SALCOBRAND,-33.730963,-70.774937,BUIN
7,CALERA DE TANGO,-33.629789,-70.762771,CALERA DE TANGO
8,CRUZ VERDE,-33.573438,-70.768774,CALERA DE TANGO
9,AHUMADA,-33.518821,-70.707453,CERRILLOS
10,CRUZ VERDE,-33.515827,-70.71547,CERRILLOS
11,LA FE,-33.504598,-70.71962,CERRILLOS
12,VILLA MEXICO,-33.509773,-70.731929,CERRILLOS
13,SALCOBRAND,-33.515049,-70.717181,CERRILLOS
14,DAVIFAR,-33.429131,-70.726508,CERRO NAVIA
15,LAS TORRES,-33.428999,-70.730842,CERRO NAVIA
16,SANTO THOMAS,-33.429812,-70.740262,CERRO NAVIA
17,SILVA ,-33.416828,-70.75024,CERRO NAVIA
18,LA UNION ,-33.416666,-70.756012,CERRO NAVIA
19,NEPTUNO,-33.430582,-70.720156,CERRO NAVIA
20,AHUMADA,-33.285167,-70.680634,COLINA
21,AHUMADA,-33.276682,-70.628112,COLINA
22,AHUMADA,-33.20679,-70.677604,COLINA
23,BELEN,-33.201996,-70.673851,COLINA
24,CRUZ VERDE,-33.204402,-70.676177,COLINA
25,CRUZ VERDE,-33.206653,-70.67745,COLINA
26,NUEVA REAL,-33.204546,-70.675481,COLINA
27,SAN MARTIN,-33.204707,-70.675653,COLINA
28,SALCOBRAND,-33.28584,-70.675528,COLINA
29,SALCOBRAND,-33.286342,-70.675789,COLINA
30,AHUMADA,-33.391512,-70.675618,CONCHALI
31,AHUMADA,-33.371545,-70.671232,CONCHALI
32,BELEN,-33.369164,-70.688358,CONCHALI
33,BELEN,-33.396802,-70.670782,CONCHALI
34,BELEN,-33.384673,-70.680374,CONCHALI
35,CRUZ VERDE,-33.373601,-70.681658,CONCHALI
36,CRUZ VERDE,-33.395801,-70.671745,CONCHALI
37,CRUZ VERDE ,-33.384684,-70.680084,CONCHALI
38,CRUZ VERDE,-33.402767,-71.129139,CURACAVI
39,CURACAVI,-33.40257,-71.129915,CURACAVI
40,EL SOL,-33.404934,-71.135298,CURACAVI
41,AHUMADA,-33.54579,-70.667759,EL BOSQUE
42,ALAMEDA,-33.561121,-70.670763,EL BOSQUE
43,BELEN,-33.58241,-70.676809,EL BOSQUE
44,BELEN,-33.582698,-70.676898,EL BOSQUE
45,SALUD/CANAIMA,-33.55352,-70.660676,EL BOSQUE
46,CRUZ VERDE,-33.55402,-70.675009,EL BOSQUE
47,CRUZ VERDE,-33.55014,-70.671941,EL BOSQUE
48,CRUZ VERDE ,-33.574529,-70.690897,EL BOSQUE
49,LOS MAQUIS,-33.561361,-70.663524,EL BOSQUE
50,SALCOBRAND,-33.545401,-70.668164,EL BOSQUE
51,AHUMADA,-33.457041,-70.70509,ESTACION CENTRAL
52,AHUMADA,-33.452695,-70.69151,ESTACION CENTRAL
53,BELGO CHILENA,-33.453930,-70.687752,ESTACION CENTRAL
54,CARRERA,-33.471008,-70.692411,ESTACION CENTRAL
55,CRUZ VERDE,-33.451139,-70.679883,ESTACION CENTRAL
56,CRUZ VERDE,-33.453339,-70.687819,ESTACION CENTRAL
57,CRUZ VERDE,-33.467564,-70.729965,ESTACION CENTRAL
58,CRUZ VERDE,-33.453006,-70.680365,ESTACION CENTRAL
59,DEL DR. SIMI ,-33.454199,-70.692347,ESTACION CENTRAL
60,ELENA,-33.465727,-70.708569,ESTACION CENTRAL
61,PURA SALUD,-33.461825,-70.698417,ESTACION CENTRAL
62,SALCOBRAND,-33.450755,-70.679185,ESTACION CENTRAL
63,SALCOBRAND,-33.451979,-70.682283,ESTACION CENTRAL
64,SALCOBRAND,-33.453151,-70.687245,ESTACION CENTRAL
65,SALCOBRAND,-33.453167,-70.68039,ESTACION CENTRAL
66,SALCOBRAND,-33.451101,-70.679644,ESTACION CENTRAL
67,SALCOBRAND,-33.368062,-70.678301,HUECHURABA
68,SALCOBRAND,-33.368062,-70.678301,HUECHURABA
69,AHUMADA,-33.368062,-70.678301,HUECHURABA
70,AHUMADA ,-33.351179,-70.670396,HUECHURABA
71,CRUZ VERDE,-33.36799,-70.678378,HUECHURABA
72,CRUZ VERDE,-33.347738,-70.670353,HUECHURABA
73,FARMAVIDA ,-33.376326,-70.637787,HUECHURABA
74,SALCOBRAND,-33.348222,-70.670417,HUECHURABA
75,MEDDICA,-33.41751,-70.656496,INDEPENDENCIA
76,CRUZ VERDE,-33.406802,-70.660646,INDEPENDENCIA
77,CRUZ VERDE,-33.419606,-70.663331,INDEPENDENCIA
78,CRUZ VERDE ,-33.420034,-70.655933,INDEPENDENCIA
79,MAESTRE,-33.414275,-70.678147,INDEPENDENCIA
80,NOVOA,-33.408777,-70.671801,INDEPENDENCIA
81,SANTA LAURA,-33.405615,-70.660912,INDEPENDENCIA
82,VALLE DE VIDA,-33.407093,-70.660249,INDEPENDENCIA
83,ECUANASER,-33.745037,-70.864777,ISLA DE MAIPO
84,ECUANASER,-33.754429,-70.900940,ISLA DE MAIPO
85,FARMAMARKET,-33.756367,-70.896568,ISLA DE MAIPO
86,SALCOBRAND,-33.538005,-70.664369,LA CISTERNA
87,AHUMADA,-33.538335,-70.663864,LA CISTERNA
88,AHUMADA,-33.52358,-70.660504,LA CISTERNA
89,BELEN,-33.5358487,-70.66409249999998,LA CISTERNA
90,CRUZ VERDE,-33.538403,-70.664446,LA CISTERNA
91,DEL DR. SIMI ,-33.5378,-70.663723,LA CISTERNA
92,DEL DR. SIMI ,-33.527418,-70.661756,LA CISTERNA
93,MARTINEZ  ACUNA,-33.54348,-70.666708,LA CISTERNA
94,SALCOBRAND,-33.518528,-70.659275,LA CISTERNA
95,MANRIQUEZ,-33.523955,-70.660611,LA CISTERNA
96,SALCOBRAND,-33.538229,-70.664881,LA CISTERNA
97,AHUMADA,-33.511522,-70.590659,LA FLORIDA
98,AHUMADA,-33.51988985915592,-70.59560333596801,LA FLORIDA
99,AHUMADA,-33.516006,-70.5976,LA FLORIDA
100,AHUMADA,-33.543243,-70.570288,LA FLORIDA
101,AHUMADA,-33.535917,-70.555482,LA FLORIDA
102,AHUMADA,-33.545723,-70.569232,LA FLORIDA
103,AHUMADA,-33.510377,-70.608662,LA FLORIDA
104,AHUMADA,-33.511162,-70.608098,LA FLORIDA
105,AHUMADA,-33.515655,-70.606581,LA FLORIDA
106,AHUMADA,-33.535135,-70.593341,LA FLORIDA
107,AHUMADA,-33.543827,-70.58935,LA FLORIDA
108,AHUMADA,-33.519608,-70.602804,LA FLORIDA
109,AHUMADA,-33.522524,-70.579158,LA FLORIDA
110,BELEN,-33.522497,-70.574622,LA FLORIDA
111,C.A.,-33.539579,-70.603521,LA FLORIDA
112,CRUZ VERDE,-33.522077,-70.597461,LA FLORIDA
113,CRUZ VERDE,-33.539606,-70.583173,LA FLORIDA
114,CRUZ VERDE,-33.539997,-70.571672,LA FLORIDA
115,CRUZ VERDE,-33.55396,-70.602718,LA FLORIDA
116,CRUZ VERDE,-33.534741,-70.554336,LA FLORIDA
117,CRUZ VERDE,-33.526927,-70.596404,LA FLORIDA
118,CRUZ VERDE,-33.553512,-70.586767,LA FLORIDA
119,CRUZ VERDE,-33.510715,-70.608632,LA FLORIDA
120,CRUZ VERDE,-33.51926,-70.600275,LA FLORIDA
121,CRUZ VERDE,-33.51926,-70.600275,LA FLORIDA
122,CRUZ VERDE,-33.546543,-70.588089,LA FLORIDA
123,CRUZ VERDE,-33.510449,-70.608448,LA FLORIDA
124,CRUZ VERDE,-33.522345,-70.579265,LA FLORIDA
125,DEL DR. SIMI ,-33.521946,-70.579651,LA FLORIDA
126,FARMA SUR,-33.560976,-70.610744,LA FLORIDA
127,JUMBO,-33.511162,-70.608098,LA FLORIDA
128,REDFARMA,-33.518724,-70.600416,LA FLORIDA
129,REY FARMA,-33.557606,-70.59041,LA FLORIDA
130,ROSARIO,-33.535457,-70.603641,LA FLORIDA
131,ROTONDA  LA FLORIDA,-33.520682,-70.600015,LA FLORIDA
132,SU FARMA,-33.559242,-70.55976,LA FLORIDA
133,SALCOBRAND,-33.547833,-70.568365,LA FLORIDA
134,SALCOBRAND,-33.535564,-70.573944,LA FLORIDA
135,SALCOBRAND,-33.560726,-70.585402,LA FLORIDA
136,SALCOBRAND,-33.510688,-70.608514,LA FLORIDA
137,SALCOBRAND,-33.514212,-70.608076,LA FLORIDA
138,SALCOBRAND,-33.539481,-70.59156,LA FLORIDA
139,CRUZ VERDE,-33.550386,-70.617838,LA GRANJA
140,LOS PALTOS,-33.549518,-70.625259,LA GRANJA
141,LOS PALTOS,-33.555958,-70.623943,LA GRANJA
142,ESPOZ,-33.541513,-70.634116,LA GRANJA
143,CORDILLERA,-33.556595,-70.645634,LA PINTANA
144,CRUZ VERDE,-33.605702,-70.626815,LA PINTANA
145,FARMA SUR,-33.581962,-70.657895,LA PINTANA
146,SUR ,-33.556434,-70.645119,LA PINTANA
147,SALCOBRAND,-33.582752,-70.631836,LA PINTANA
148,AHUMADA,-33.428451,-70.540534,LA REINA
149,AHUMADA,-33.462165,-70.547272,LA REINA
150,AHUMADA ,-33.430313,-70.555769,LA REINA
151,AHUMADA ,-33.438801,-70.557014,LA REINA
152,AHUMADA ,-33.452498,-70.561026,LA REINA
153,LA REINA,-33.451793,-70.555594,LA REINA
154,SALCOBRAND,-33.438685,-70.560922,LA REINA
155,SALCOBRAND,-33.441254,-70.535856,LA REINA
156,AHUMADA ,-33.44052,-70.543281,LA REINA
157,CRUZ VERDE,-33.441344,-70.536114,LA REINA
158,CRUZ VERDE ,-33.356144,-70.51721,LO BARNECHEA
159,SALCOBRAND,-33.452677,-70.56197,LA REINA
160,SALCOBRAND ,-33.438908,-70.557142,LA REINA
161,SALCOBRAND,-33.441182,-70.543302,LA REINA
162,BELEN,-33.231773,-70.807404,LAMPA
163,BELEN,-33.287867,-70.871476,LAMPA
164,LETICIA,-33.284891,-70.877341,LAMPA
165,SU FARMACIA S.A.,-33.294326,-70.867519,LAMPA
166,SALCOBRAND ,-33.324002,-70.745991,LAMPA
167,SALCOBRAND,-33.425986,-70.577036,LAS CONDES
168,SALCOBRAND,-33.416492,-70.595146,LAS CONDES
169,SALCOBRAND,-33.41278,-70.581016,LAS CONDES
170,SALCOBRAND,-33.410738,-70.573879,LAS CONDES
171,SALCOBRAND,-33.409386,-70.569378,LAS CONDES
172,SALCOBRAND,-33.423788,-70.580627,LAS CONDES
173,SALCOBRAND,-33.416613,-70.565058,LAS CONDES
174,SALCOBRAND,-33.418207,-70.552336,LAS CONDES
175,SALCOBRAND,-33.416469,-70.554331,LAS CONDES
176,AHUMADA,-33.384242,-70.533968,LAS CONDES
177,AHUMADA,-33.395619,-70.549053,LAS CONDES
178,AHUMADA,-33.401531,-70.56049,LAS CONDES
179,AHUMADA,-33.386052,-70.531178,LAS CONDES
180,AHUMADA,-33.424932,-70.550758,LAS CONDES
181,AHUMADA,-33.400958,-70.514375,LAS CONDES
182,AHUMADA,-33.401253,-70.517153,LAS CONDES
183,AHUMADA,-33.401145,-70.514333,LAS CONDES
184,AHUMADA ,-33.41878,-70.572098,LAS CONDES
185,AHUMADA ,-33.376502,-70.525642,LAS CONDES
186,CRUZ VERDE,-33.423851,-70.578522,LAS CONDES
187,CRUZ VERDE,-33.416089,-70.593258,LAS CONDES
188,CRUZ VERDE,-33.409177,-70.567914,LAS CONDES
189,CRUZ VERDE,-33.408266,-70.553483,LAS CONDES
190,CRUZ VERDE,-33.401262,-70.523223,LAS CONDES
191,CRUZ VERDE,-33.41668,-70.564999,LAS CONDES
192,CRUZ VERDE,-33.43126,-70.578745,LAS CONDES
193,CRUZ VERDE,-33.428769,-70.540587,LAS CONDES
194,CRUZ VERDE,-33.384402,-70.529446,LAS CONDES
195,CRUZ VERDE,-33.417584,-70.552786,LAS CONDES
196,CRUZ VERDE,-33.401473,-70.560305,LAS CONDES
197,CRUZ VERDE,-33.401871,-70.580534,LAS CONDES
198,CRUZ VERDE,-33.388784,-70.545276,LAS CONDES
199,CRUZ VERDE,-33.388784,-70.545276,LAS CONDES
200,CRUZ VERDE,-33.388793,-70.545233,LAS CONDES
201,DEL DR. SIMI ,-33.413942,-70.583546,LAS CONDES
202,LA DEHESA,-33.351513,-70.510453,LO BARNECHEA
203,SALCOBRAND,-33.423777,-70.538633,LAS CONDES
204,SALCOBRAND,-33.431271,-70.578737,LAS CONDES
205,SALCOBRAND,-33.428728,-70.540595,LAS CONDES
206,SALCOBRAND,-33.390101,-70.49899,LAS CONDES
207,SALCOBRAND,-33.373666,-70.519669,LAS CONDES
208,SALCOBRAND,-33.367972,-70.500964,LAS CONDES
209,SALCOBRAND,-33.398228,-70.551397,LAS CONDES
210,SALCOBRAND,-33.392287,-70.514933,LAS CONDES
211,SALCOBRAND,-33.405257,-70.568665,LAS CONDES
212,SALCOBRAND,-33.40377,-70.569,LAS CONDES
213,SALCOBRAND,-33.4245,-70.592566,LAS CONDES
214,SALCOBRAND,-33.41604,-70.539075,LAS CONDES
215,SALCOBRAND,-33.409332,-70.544350,LAS CONDES
216,SALCOBRAND,-33.38882,-70.545284,LAS CONDES
217,SALCOBRAND,-33.408472,-70.551813,LAS CONDES
218,SALCOBRAND ,-33.394043,-70.545963,LAS CONDES
219,SALCOBRAND,-33.358348,-70.517145,LO BARNECHEA
220,AHUMADA,-33.344178,-70.544609,LO BARNECHEA
221,AHUMADA,-33.353025,-70.520621,LO BARNECHEA
222,AHUMADA,-33.362883,-70.514956,LO BARNECHEA
223,CRUZ VERDE,-33.355517,-70.537916,LO BARNECHEA
224,CRUZ VERDE,-33.358008,-70.517016,LO BARNECHEA
225,VITA,-33.357631,-70.506598,LO BARNECHEA
226,SALCOBRAND,-33.35221,-70.518806,LO BARNECHEA
227,SALCOBRAND,-33.351484,-70.510665,LO BARNECHEA
228,SALCOBRAND,-33.355194,-70.532187,LO BARNECHEA
229,FARMAR,-33.506327,-70.69199,LO ESPEJO
230,LA FE,-33.519716,-70.69593,LO ESPEJO
231,L-V,-33.508946,-70.686296,LO ESPEJO
232,AHUMADA,-33.444907,-70.723416,LO PRADO
233,CRUZ VERDE,-33.457708,-70.711831,LO PRADO
234,CRUZ VERDE,-33.456902,-70.705629,LO PRADO
235,LAS ROSAS ,-33.45717,-70.705887,LO PRADO
236,SALCOBRAND,-33.457153,-70.706123,LO PRADO
237,SALCOBRAND,-33.444083,-70.722624,LO PRADO
238,SALCOBRAND,-33.485628,-70.599306,MACUL
239,AHUMADA,-33.474337,-70.598792,MACUL
240,AHUMADA,-33.477933,-70.599040,MACUL
241,AHUMADA,-33.491661,-70.617414,MACUL
242,CRUZ VERDE,-33.480686,-70.599312,MACUL
243,CRUZ VERDE,-33.491518,-70.599723,MACUL
244,DEL DR. SIMI ,-33.485057,-70.599336,MACUL
245,SALCOBRAND,-33.510502,-70.757643,MAIPU
246,SALCOBRAND,-33.481847,-70.753649,MAIPU
247,SALCOBRAND,-33.481149,-70.754035,MAIPU
248,SALCOBRAND,-33.542137,-70.771024,MAIPU
249,AHUMADA,-33.560708,-70.780705,MAIPU
250,AHUMADA,-33.481847,-70.753649,MAIPU
251,AHUMADA,-33.510738,-70.757381,MAIPU
252,AHUMADA,-33.50288,-70.757278,MAIPU
253,AHUMADA,-33.481442,-70.745228,MAIPU
254,AHUMADA,-33.506046,-70.757480,MAIPU
255,AHUMADA ,-33.531558,-70.775088,MAIPU
256,ALMENDRA,-33.489442,-70.774272,MAIPU
257,BELEN,-33.507479,-70.784079,MAIPU
258,BELEN,-33.488435,-70.742558,MAIPU
259,APOTHEKE,-33.51232,-70.775493,MAIPU
260,CRUZ VERDE,-33.559993,-70.7844,MAIPU
261,CRUZ VERDE,-33.531915,-70.775603,MAIPU
262,CRUZ VERDE,-33.481847,-70.753649,MAIPU
263,CRUZ VERDE,-33.480565,-70.754106,MAIPU
264,CRUZ VERDE,-33.471974,-70.759642,MAIPU
265,CRUZ VERDE,-33.513669,-70.826522,MAIPU
266,CRUZ VERDE,-33.496314,-70.757549,MAIPU
267,CRUZ VERDE,-33.506799,-70.757471,MAIPU
268,CRUZ VERDE,-33.554432,-70.795816,MAIPU
269,CRUZ VERDE,-33.4398441,-70.55565960000001,LA REINA
270,DEL PARQUE,-33.558795,-70.789529,MAIPU
271,ECONOFARMA,-33.489639,-70.766376,MAIPU
272,EXPRESS,-33.528159,-70.767318,MAIPU
273,MEBAL,-33.510064,-70.775509,MAIPU
274,MEVIC,-33.52235,-70.796797,MAIPU
275,MEVIC,-33.542754,-70.777843,MAIPU
276,VIDA SALUD,-33.513329,-70.756999,MAIPU
277,SU FARMACIA ,-33.501216,-70.741035,MAIPU
278,NETFARMA,-33.495531,-70.736547,MAIPU
279,AHUMADA,-33.68064,-71.208747,MELIPILLA
280,CRUZ VERDE,-33.686111,-71.214668,MELIPILLA
281,CRUZ VERDE,-33.684917,-71.213814,MELIPILLA
282,EKONOFARMA ,-33.685574,-71.215179,MELIPILLA
283,REDONDO,-33.690830,-71.215614,MELIPILLA
284,SERRANO ,-33.691460,-71.215843,MELIPILLA
285,SALCOBRAND,-33.686211,-71.213768,MELIPILLA
286,SALCOBRAND ,-33.686588,-71.215347,MELIPILLA
287,AHUMADA,-33.450135,-70.621558,NUNOA
288,AHUMADA,-33.465888,-70.588277,NUNOA
289,SALCOBRAND,-33.446473,-70.611272,NUNOA
290,SALCOBRAND,-33.455188,-70.609099,NUNOA
291,SALCOBRAND,-33.449477,-70.597856,NUNOA
292,SALCOBRAND,-33.455452,-70.586945,NUNOA
293,SALCOBRAND,-33.456271,-70.613901,NUNOA
294,SALCOBRAND,-33.464984,-70.598226,NUNOA
295,AHUMADA,-33.455027,-70.60908,NUNOA
296,AHUMADA,-33.455309,-70.627108,NUNOA
297,AHUMADA,-33.454507,-70.600608,NUNOA
298,AHUMADA,-33.445605,-70.606138,NUNOA
299,AHUMADA,-33.448273,-70.580555,NUNOA
300,AHUMADA,-33.447789,-70.597547,NUNOA
301,CRUZ VERDE,-33.448329,-70.610647,NUNOA
302,CRUZ VERDE,-33.448564,-70.580705,NUNOA
303,CRUZ VERDE,-33.455765,-70.626106,NUNOA
304,CRUZ VERDE,-33.453053,-70.615452,NUNOA
305,CRUZ VERDE,-33.454342,-70.602297,NUNOA
306,CRUZ VERDE,-33.455219,-70.593017,NUNOA
307,CRUZ VERDE,-33.454494,-70.579021,NUNOA
308,CRUZ VERDE,-33.465302,-70.598239,NUNOA
309,CRUZ VERDE,-33.45816,-70.598017,NUNOA
310,CRUZ VERDE,-33.442758,-70.572611,NUNOA
311,CRUZ VERDE,-33.445565,-70.606112,NUNOA
312,CRUZ VERDE,-33.455649,-70.605221,NUNOA
313,CRUZ VERDE,-33.434033,-70.582342,NUNOA
314,INSTITUCIONAL,-33.453256,-70.591758,NUNOA
315,REDOXX,-33.462935,-70.620185,NUNOA
316,SALCOBRAND,-33.454772,-70.627526,NUNOA
317,SANTA  GEMITA,-33.454762,-70.599854,NUNOA
318,SALCOBRAND,-33.448165,-70.600672,NUNOA
319,SAN JUAN ,-33.569701,-70.815772,PADRE HURTADO
320,FARMAMARKET,-33.568003,-70.808887,PADRE HURTADO
321,CRUZ VERDE,-33.813498,-70.743019,PAINE
322,PLAZA PAINE,-33.809498,-70.738717,PAINE
323,CRUZ VERDE,-33.478816,-70.663113,PEDRO AGUIRRE CERDA
324,CRUZ VERDE,-33.502505,-70.667851,PEDRO AGUIRRE CERDA
325,IDAHUE,-33.478489,-70.672005,PEDRO AGUIRRE CERDA
326,LA BOTIKA,-33.502397,-70.690115,PEDRO AGUIRRE CERDA
327,FARMA-MARKET,-33.610554,-70.873439,PENAFLOR
328,AHUMADA,-33.607203,-70.899843,PENAFLOR
329,CRUZ VERDE,-33.606915,-70.854744,PENAFLOR
330,CRUZ VERDE,-33.61071,-70.880887,PENAFLOR
331,CRUZ VERDE ,-33.60872,-70.900199,PENAFLOR
332,CRUZ VERDE ,-33.607217,-70.899797,PENAFLOR
333,MALLOCO,-33.604735,-70.852638,PENAFLOR
334,SAN JUAN,-33.609133,-70.900701,PENAFLOR
335,SALCOBRAND,-33.479232,-70.545225,PENALOLEN
336,SALCOBRAND,-33.468936,-70.575921,PENALOLEN
337,SALCOBRAND,-33.486668,-70.579823,PENALOLEN
338,AHUMADA,-33.484731,-70.579397,PENALOLEN
339,AHUMADA,-33.487957,-70.54916,PENALOLEN
340,AHUMADA,-33.486444,-70.557757,PENALOLEN
341,AHUMADA ,-33.484198,-70.558365,PENALOLEN
342,BELEN,-33.506258,-70.579184,PENALOLEN
343,CRUZ VERDE,-33.485825,-70.579606,PENALOLEN
344,CRUZ VERDE,-33.475988,-70.54338,PENALOLEN
345,CRUZ VERDE,-33.4864,-70.557735,PENALOLEN
346,CRUZ VERDE,-33.486668,-70.579823,PENALOLEN
347,CRUZ VERDE,-33.472261,-70.55461,PENALOLEN
348,CRUZ VERDE,-33.483805,-70.547014,PENALOLEN
349,DEL DR. SIMI ,-33.4714531,-70.54151389999998,PENALOLEN
350,DEL DR. SIMI ,-33.469629,-70.574566,PENALOLEN
351,DEL DR. SIMI ,-33.502822,-70.561093,PENALOLEN
352,EL VALLE,-33.476053,-70.573552,PENALOLEN
353,MEDDICA,-33.472427,-70.538437,PENALOLEN
354,GENNETIKA,-33.472340,-70.538712,PENALOLEN
355,GALLARDO,-33.477724,-70.572401,PENALOLEN
356,LA BOTIKA,-33.507497,-70.568472,PENALOLEN
357,SALCOBRAND,-33.487541,-70.558636,PENALOLEN
358,SALCOBRAND ,-33.489299,-70.549871,PENALOLEN
359,SALCOBRAND,-33.634483,-70.570314,PIRQUE
360,SALCOBRAND,-33.429187,-70.61886,PROVIDENCIA
361,SALCOBRAND,-33.417618,-70.608246,PROVIDENCIA
362,SALCOBRAND,-33.430206,-70.60277,PROVIDENCIA
363,SALCOBRAND,-33.438335,-70.615679,PROVIDENCIA
364,AHUMADA,-33.417669,-70.608276,PROVIDENCIA
365,AHUMADA,-33.436607,-70.599068,PROVIDENCIA
366,AHUMADA,-33.431701,-70.583823,PROVIDENCIA
367,AHUMADA,-33.429951,-70.602705,PROVIDENCIA
368,AHUMADA,-33.43953833448415,-70.60791102645874,PROVIDENCIA
369,AHUMADA,-33.422532,-70.611052,PROVIDENCIA
370,AHUMADA,-33.440999,-70.630386,PROVIDENCIA
371,CARMEN,-33.439826,-70.624619,PROVIDENCIA
372,CRUZ VERDE,-33.417669,-70.608274,PROVIDENCIA
373,CRUZ VERDE,-33.431983,-70.62928,PROVIDENCIA
374,CRUZ VERDE,-33.433335,-70.617624,PROVIDENCIA
375,CRUZ VERDE,-33.437794,-70.604202,PROVIDENCIA
376,CRUZ VERDE,-33.422469,-70.609555,PROVIDENCIA
377,CRUZ VERDE,-33.445095,-70.619839,PROVIDENCIA
378,LIDO,-33.42803,-70.593875,PROVIDENCIA
379,ROESAR,-33.432565,-70.635905,PROVIDENCIA
380,SALCOBRAND,-33.426402,-70.615652,PROVIDENCIA
381,SALCOBRAND,-33.42306,-70.611816,PROVIDENCIA
382,SALCOBRAND,-33.437816,-70.603767,PROVIDENCIA
383,FARMA UNO,-33.432032,-70.752579,PUDAHUEL
384,AHUMADA,-33.449343,-70.848439,PUDAHUEL
385,AHUMADA,-33.467965,-70.731704,PUDAHUEL
386,AHUMADA,-33.454986,-70.738717,PUDAHUEL
387,AHUMADA,-33.457511,-70.823418,PUDAHUEL
388,BELEN,-33.462165,-70.737344,PUDAHUEL
389,CRUZ VERDE,-33.396873,-70.791846,PUDAHUEL
390,CRUZ VERDE,-33.453321,-70.763032,PUDAHUEL
391,EMIFAR,-33.436491,-70.750583,PUDAHUEL
392,LAISA,-33.459909,-70.761441,PUDAHUEL
393,FARMA OFERTA,-33.439105,-70.758029,PUDAHUEL
394,CRUZ VERDE ,-33.444607,-70.740637,PUDAHUEL
395,SAN PIO,-33.437548,-70.77114,PUDAHUEL
396,TIERRA DEL FUEGO ,-33.43214,-70.750476,PUDAHUEL
397,TORRES,-33.460071,-70.751806,PUDAHUEL
398,LAS PRINCESAS,-33.44197,-70.763715,PUDAHUEL
399,SALCOBRAND,-33.557954,-70.559352,PUENTE ALTO
400,SALCOBRAND,-33.568989,-70.554782,PUENTE ALTO
401,SALCOBRAND,-33.569053,-70.554921,PUENTE ALTO
402,SALCOBRAND,-33.572973,-70.582806,PUENTE ALTO
403,LA BOTIKA,-33.582367,-70.601532,PUENTE ALTO
404,LOS TOROS,-33.567925,-70.570904,PUENTE ALTO
405,AHUMADA,-33.598678,-70.577779,PUENTE ALTO
406,AHUMADA,-33.598678,-70.577779,PUENTE ALTO
407,AHUMADA,-33.612042,-70.575437,PUENTE ALTO
408,AHUMADA,-33.566537,-70.556883,PUENTE ALTO
409,ANGEL,-33.618122,-70.574144,PUENTE ALTO
410,ARES,-33.568443,-70.583565,PUENTE ALTO
411,CARMEN,-33.609991,-70.551392,PUENTE ALTO
412,CATALINA,-33.576334,-70.566777,PUENTE ALTO
413,CRUZ VERDE,-33.571355,-70.555026,PUENTE ALTO
414,CRUZ VERDE,-33.569029,-70.554929,PUENTE ALTO
415,CRUZ VERDE,-33.609906,-70.575866,PUENTE ALTO
416,CRUZ VERDE,-33.572383,-70.583299,PUENTE ALTO
417,CRUZ VERDE,-33.569366,-70.583538,PUENTE ALTO
418,CRUZ VERDE,-33.608347,-70.576046,PUENTE ALTO
419,CRUZ VERDE,-33.559537,-70.551508,PUENTE ALTO
420,CRUZ VERDE,-33.609517,-70.575524,PUENTE ALTO
421,CRUZ VERDE,-33.581626,-70.568794,PUENTE ALTO
422,CRUZ VERDE,-33.611657,-70.577084,PUENTE ALTO
423,J M,-33.608356,-70.528214,PUENTE ALTO
424,DEL DR. SIMI ,-33.574457,-70.555361,PUENTE ALTO
425,FULLFARMA,-33.589942,-70.58568,PUENTE ALTO
426,SALUD FARMA,-33.580998,-70.58118,PUENTE ALTO
427,LOS PALTOS,-33.582317,-70.60102080000001,PUENTE ALTO
428,MEDDICA,-33.594228,-70.559138,PUENTE ALTO
429,PATRICIO,-33.611894,-70.551872,PUENTE ALTO
430,PATRICIO ,-33.625231,-70.609237,PUENTE ALTO
431,DONDE'L LORITO,-33.582199,-70.606087,PUENTE ALTO
432,SALCOBRAND,-33.609616,-70.575918,PUENTE ALTO
433,SALCOBRAND,-33.595224,-70.590104,PUENTE ALTO
434,SALCOBRAND,-33.366789,-70.720092,QUILICURA
435,AHUMADA,-33.35618,-70.729107,QUILICURA
436,AHUMADA ,-33.38230576855998,-70.73004488985748,QUILICURA
437,BELEN,-33.366843,-70.713917,QUILICURA
438,BELEN,-33.367224,-70.734052,QUILICURA
439,CRUZ VERDE,-33.365681,-70.728849,QUILICURA
440,CRUZ VERDE,-33.355561,-70.729102,QUILICURA
441,NUEVA REAL ,-33.358277,-70.729319,QUILICURA
442,SCANDIC,-33.361861,-70.744786,QUILICURA
443,SALCOBRAND ,-33.367883,-70.732212,QUILICURA
444,AHUMADA,-33.432722,-70.680556,QUINTA NORMAL
445,CRUZ VERDE,-33.430501,-70.692356,QUINTA NORMAL
446,EMIFAR,-33.416474,-70.711044,QUINTA NORMAL
447,MACARENA,-33.42251,-70.713359,QUINTA NORMAL
448,MENDOZA,-33.423105,-70.69258,QUINTA NORMAL
449,MEVIC,-33.428854,-70.715467,QUINTA NORMAL
450,MYPHARMA,-33.441632,-70.707257,QUINTA NORMAL
451,AHUMADA,-33.405714,-70.643169,RECOLETA
452,AHUMADA,-33.393881,-70.642527,RECOLETA
453,B P M,-33.391151,-70.641205,RECOLETA
454,CRUZ DEL NORTE,-33.388507,-70.642304,RECOLETA
455,FARMARKET,-33.403864,-70.631957,RECOLETA
456,CRUZ VERDE,-33.402695,-70.643003,RECOLETA
457,CRUZ VERDE,-33.429534,-70.647091,RECOLETA
458,MARSIL,-33.431213,-70.651344,RECOLETA
459,EL SALTO,-33.410583,-70.636818,RECOLETA
460,AHUMADA,-33.405203,-70.704613,RENCA
461,CRUZ VERDE,-33.406582,-70.700875,RENCA
462,CRUZ VERDE,-33.405687,-70.704351,RENCA
463,MEDDICA,-33.400438,-70.744682,RENCA
464,DONDE'L LORITO,-33.409302,-70.746696,RENCA
465,SALCOBRAND,-33.404343,-70.705514,RENCA
466,SALCOBRAND,-33.592758,-70.704956,SAN BERNARDO
467,SALCOBRAND,-33.593692,-70.705686,SAN BERNARDO
468,SALCOBRAND,-33.594272,-70.705896,SAN BERNARDO
469,SALCOBRAND,-33.630736,-70.707929,SAN BERNARDO
470,SALCOBRAND,-33.630736,-70.707929,SAN BERNARDO
471,AHUMADA,-33.592704,-70.70516,SAN BERNARDO
472,AHUMADA,-33.597239,-70.699727,SAN BERNARDO
473,BELEN,-33.587471,-70.678018,SAN BERNARDO
474,CRUZ VERDE,-33.592720,-70.705239,SAN BERNARDO
475,CRUZ VERDE,-33.590117,-70.704405,SAN BERNARDO
476,CRUZ VERDE,-33.593808,-70.705735,SAN BERNARDO
477,CRUZ VERDE,-33.630736,-70.707929,SAN BERNARDO
478,CRUZ VERDE,-33.5916,-70.704514,SAN BERNARDO
479,LOS ALMENDROS,-33.592994,-70.697068,SAN BERNARDO
480,LOS OLIVOS,-33.579037,-70.694487,SAN BERNARDO
481,LA BOTIKA,-33.517887,-70.629028,SAN JOAQUIN
482,DAMYFAR ,-33.49175,-70.617843,SAN JOAQUIN
483,DEL DR. SIMI ,-33.506374,-70.638138,SAN JOAQUIN
484,FARMAVIDA,-33.505712,-70.623572,SAN JOAQUIN
485,THERAPIA IV,-33.473563,-70.626895,SAN JOAQUIN
486,SAN ANDRES,-33.639899,-70.352269,SAN JOSE DE MAIPO
487,SALCOBRAND,-33.491357,-70.650793,SAN MIGUEL
488,SALCOBRAND,-33.506356,-70.655614,SAN MIGUEL
489,AHUMADA,-33.512247,-70.657293,SAN MIGUEL
490,AHUMADA,-33.499427,-70.653833,SAN MIGUEL
491,CARYVON,-33.495502,-70.652532,SAN MIGUEL
492,CRUZ VERDE,-33.48597,-70.650719,SAN MIGUEL
493,CRUZ VERDE,-33.50653,-70.655888,SAN MIGUEL
494,CRUZ VERDE,-33.504008,-70.655161,SAN MIGUEL
495,CRUZ VERDE,-33.495043,-70.652588,SAN MIGUEL
496,SAN JOSE,-33.491061,-70.657234,SAN MIGUEL
497,SALCOBRAND,-33.505736,-70.655635,SAN MIGUEL
498,CRUZ VERDE,-33.545141,-70.634109,SAN RAMON
499,MANRIQUEZ,-33.537941,-70.634720,SAN RAMON
500,DEL DR. SIMI ,-33.533973,-70.634794,SAN RAMON
501,SALCOBRAND,-33.43727,-70.651269,SANTIAGO
502,SALCOBRAND,-33.438783,-70.654192,SANTIAGO
503,SALCOBRAND,-33.439508,-70.649606,SANTIAGO
504,SALCOBRAND,-33.437395,-70.635611,SANTIAGO
505,SALCOBRAND,-33.44298,-70.647425,SANTIAGO
506,SALCOBRAND,-33.441919,-70.650647,SANTIAGO
507,SALCOBRAND,-33.438652,-70.651106,SANTIAGO
508,SALCOBRAND,-33.43515,-70.651572,SANTIAGO
509,SALCOBRAND,-33.43517,-70.651481,SANTIAGO
510,SALCOBRAND,-33.450905,-70.646866,SANTIAGO
511,SALCOBRAND,-33.444692,-70.657432,SANTIAGO
512,SALCOBRAND,-33.453286,-70.661319,SANTIAGO
513,AHUMADA,-33.453223,-70.652669,SANTIAGO
514,AHUMADA,-33.436196,-70.651419,SANTIAGO
515,AHUMADA,-33.440397,-70.650848,SANTIAGO
516,CRUZ VERDE,-33.454199,-70.657393,SANTIAGO
517,CRUZ VERDE,-33.440305,-70.668658,SANTIAGO
518,CRUZ VERDE,-33.452283,-70.677926,SANTIAGO
519,CRUZ VERDE,-33.4423637,-70.6406479,SANTIAGO
520,CRUZ VERDE,-33.439627,-70.65095,SANTIAGO
521,CRUZ VERDE,-33.444562,-70.636873,SANTIAGO
522,CRUZ VERDE,-33.448138,-70.635397,SANTIAGO
523,CRUZ VERDE,-33.470108,-70.656666,SANTIAGO
524,CRUZ VERDE,-33.473182,-70.648356,SANTIAGO
525,CRUZ VERDE,-33.439123,-70.658111,SANTIAGO
526,CRUZ VERDE,-33.435005,-70.670935,SANTIAGO
527,CRUZ VERDE,-33.435902,-70.652175,SANTIAGO
528,CRUZ VERDE ,-33.451659,-70.664505,SANTIAGO
529,DEL DR. SIMI ,-33.436267,-70.652806,SANTIAGO
530,BELEN,-33.435148,-70.674663,SANTIAGO
531,DEL DR. SIMI ,-33.472753,-70.642096,SANTIAGO
532,FARMAX ,-33.473205,-70.646771,SANTIAGO
533,LA BOTICA  SALCOBRAND  ,-33.439907,-70.653656,SANTIAGO
534,NOBEL,-33.45845,-70.643207,SANTIAGO
535,MAVI,-33.472144,-70.648422,SANTIAGO
536,REDFARMA,-33.442523,-70.667848,SANTIAGO
537,REDFARMA ,-33.433214,-70.669173,SANTIAGO
538,VALDIVIESO,-33.438506,-70.662218,SANTIAGO
539,VANIA,-33.436791,-70.645765,SANTIAGO
540,CRUZ VERDE,-33.441039,-70.664933,SANTIAGO
541,NUEVA BOGOTA,-33.467902,-70.633326,SANTIAGO
542,SALCOBRAND ,-33.664012,-70.929075,TALAGANTE
543,SAN PATRICIO,-33.543478,-70.780365,MAIPU
544,AHUMADA,-33.662449,-70.925036,TALAGANTE
545,CRUZ VERDE,-33.6598978503037,-70.91833522895888,TALAGANTE
546,AHUMADA,-33.656810,-70.912164,TALAGANTE
547,CRUZ VERDE ,-33.663947,-70.92897,TALAGANTE
548,MI FARMACIA,-33.663996,-70.92897,TALAGANTE
549,FARMA-MARKET,-33.665333,-70.922989,TALAGANTE
550,BELEN,-33.08462,-70.929154,TIL-TIL
551,SALCOBRAND,-33.391689,-70.562933,VITACURA
552,SALCOBRAND,-33.398658,-70.597748,VITACURA
553,SALCOBRAND,-33.406117,-70.598491,VITACURA
554,SALCOBRAND,-33.400241,-70.592311,VITACURA
555,SALCOBRAND,-33.388536,-70.567643,VITACURA
556,SALCOBRAND,-33.385371,-70.555836,VITACURA
557,AHUMADA,-33.392332,-70.592531,VITACURA
558,AHUMADA,-33.386375,-70.568129,VITACURA
559,AHUMADA,-33.388543,-70.577656,VITACURA
560,AHUMADA,-33.397601,-70.582612,VITACURA
561,AHUMADA,-33.389958,-70.570359,VITACURA
562,CRUZ VERDE,-33.39235,-70.580762,VITACURA
563,CRUZ VERDE,-33.394506,-70.597154,VITACURA
564,CRUZ VERDE,-33.376663,-70.56727,VITACURA
565,CRUZ VERDE,-33.388865,-70.568275,VITACURA
566,CRUZ VERDE,-33.404437,-70.596735,VITACURA
567,CRUZ VERDE,-33.399489,-70.589736,VITACURA
568,CRUZ VERDE,-33.385089,-70.554664,VITACURA
569,CRUZ VERDE,-33.469665,-70.574566,PENALOLEN
570,AHUMADA,-33.509017,-70.656577,SAN MIGUEL
571,CRUZ VERDE,-33.449991,-70.631708,SANTIAGO
572,CRUZ VERDE,-33.286075,-70.675307,COLINA
573,SALCOBRAND,-33.367435,-70.730821,QUILICURA
574,AHUMADA,-33.568772,-70.554846,PUENTE ALTO
575,SALCOBRAND ,-33.808089,-70.742343,PAINE
576,ESTRELLA,-33.479241,-70.621923,SAN JOAQUIN
577,YORUGUA,-33.51832,-70.581926,LA FLORIDA
578,AHUMADA,-33.388784,-70.545276,LAS CONDES
579,CRUZ VERDE,-33.423654,-70.61084,PROVIDENCIA
580,AHUMADA ,-33.622261,-70.7005997,SAN BERNARDO
581,JUMBO,-33.428755,-70.540598,LAS CONDES
582,AHUMADA,-33.4835,-70.620789,SAN JOAQUIN
583,SALCOBRAND,-33.554753,-70.794807,MAIPU
584,CRUZ VERDE,-33.380121,-70.647222,RECOLETA
585,CRUZ VERDE,-33.361037,-70.54416,LO BARNECHEA
586,NETFARMA,-33.436402,-70.747107,PUDAHUEL
587,SALCOBRAND,-33.376878,-70.570704,VITACURA
588,SALCOBRAND,-33.453375,-70.569373,LA REINA
589,CRUZ VERDE,-33.637132,-70.707496,SAN BERNARDO
590,AHUMADA,-33.453393,-70.569373,LA REINA
591,CRUZ VERDE,-33.453321,-70.569395,LA REINA
592,AHUMADA,-33.431226,-70.57875,LAS CONDES
593,CRUZ VERDE,-33.380874,-70.571004,VITACURA
594,CRUZ VERDE,-33.566394,-70.556867,PUENTE ALTO
595,AHUMADA,-33.37686,-70.570189,VITACURA
596,SALCOBRAND,-33.442973,-70.647628,SANTIAGO
597,LATINOAMERICANA,-33.405239,-70.643166,RECOLETA
598,CRUZ VERDE,-33.398342,-70.586475,VITACURA
599,SALCOBRAND,-33.426481,-70.590895,PROVIDENCIA
600,AHUMADA,-33.585702,-70.628403,LA PINTANA
601,AHUMADA,-33.522238,-70.556499,LA FLORIDA
602,CRUZ VERDE,-33.450081,-70.602289,NUNOA
603,SALCOBRAND,-33.589241,-70.706917,SAN BERNARDO
604,AHUMADA,-33.515708,-70.715736,CERRILLOS
605,AHUMADA,-33.684943,-71.213897,MELIPILLA
606,CRUZ VERDE,-33.439517,-70.535706,LA REINA
607,DR SIMI,-33.443188,-70.648252,SANTIAGO
608,FARMAMARKET,-33.741059,-70.862267,ISLA DE MAIPO
609,LINCE ,-33.441576,-70.627416,PROVIDENCIA
610,AHUMADA,-33.632683,-70.712988,SAN BERNARDO
611,CRUZ VERDE,-33.598196,-70.521768,PUENTE ALTO
612,CRUZ VERDE,-33.457976,-70.586044,NUNOA
613,SALCOBRAND,-33.360087,-70.729864,QUILICURA
614,SALCOBRAND,-33.42058,-70.607791,PROVIDENCIA
615,SALCOBRAND,-33.355588,-70.538644,LO BARNECHEA
616,AHUMADA,-33.464859,-70.598253,NUNOA
617,LATINOAMERICANA,-33.455497,-70.605109,NUNOA
618,CRUZ VERDE,-33.451746,-70.554911,LA REINA
619,AHUMADA,-33.359899,-70.516457,LO BARNECHEA
620,SALCOBRAND,-33.46204,-70.575038,NUNOA
621,SALCOBRAND,-33.309657,-70.660729,COLINA
622,CRUZ VERDE,-33.515816,-70.715478,CERRILLOS
623,AHUMADA,-33.285642,-70.680653,COLINA
624,SALCOBRAND,-33.503524,-70.757514,MAIPU
625,LOS ORIENTALES,-33.454448,-70.580033,NUNOA
626,AHUMADA,-33.3456092869489,-70.67051897242203,HUECHURABA
627,CRUZ VERDE,-33.4520328,-70.68241220000004,ESTACION CENTRAL
628,SALCOBRAND,-33.4482699530571,-70.5766886423279,NUNOA
629,CRUZ VERDE,-33.4540843,-70.60615239999998,NUNOA
630,OMLU,-33.62745936475476,-70.76932980132744,CALERA DE TANGO
631,AHUMADA,-33.409287,-70.567331,LAS CONDES
632,SALCOBRAND,-33.615891,-70.684447,SAN BERNARDO
633,PRAT,-33.608804,-70.702816,SAN BERNARDO
634,AHUMADA,-33.312367,-70.656921,COLINA
635,CRUZ VERDE,-33.569344,-70.815406,PADRE HURTADO
636,MANRIQUEZ,-33.551099,-70.633926,SAN RAMON
637,SALCOBRAND,-33.444484,-70.636964,SANTIAGO
638,SALCOBRAND,-33.436560,-70.577532,NUNOA
639,CRUZ VERDE,-33.439546,-70.650358,SANTIAGO
640,CRUZ VERDE,-33.451281,-70.589247,NUNOA
641,SOLUFAR,-33.3595941,-70.6826858,HUECHURABA
642,SALCOBRAND,-33.519252,-70.600301,LA FLORIDA
643,CRUZ VERDE,-33.449721,-70.621659,NUNOA
644,CRUZ VERDE,-33.567875,-70.554729,PUENTE ALTO
645,MEDDICA,-33.438544,-70.662868,SANTIAGO
646,MEDDICA,-33.366749,-70.7135657,QUILICURA
647,ESMERALDA,-33.179823772526554,-70.65703527672122,COLINA
648,CRUZ VERDE,-33.45732020000001,-70.71421300000003,LO PRADO
649,FARMAS,-33.5052112,-70.78910840000003,MAIPU
650,CRUZ VERDE,-33.4356042,-70.59163760000001,PROVIDENCIA
651,CRUZ VERDE,-33.4221422,-70.60820239999998,PROVIDENCIA
652,MEDDICA,-33.4438503,-70.65762110000003,SANTIAGO
653,FARMA TOTAL,-33.4432872,-70.63352839999999,SANTIAGO
654,CRUZ VERDE,-33.560990,-70.826991,PADRE HURTADO
655,SEGAL,-33.5727986,-70.66539,EL BOSQUE
656,DEL DR SIMI,-33.284940,-70.876251,LAMPA
657,AHUMADA,-33.4185974,-70.6635713,INDEPENDENCIA
658,FARMAHORRO,-33.5580386,-70.6235524,LA GRANJA
659,ECONOFARMA,-33.53295313115599,-70.77456793121337,MAIPU
660,SALCOBRAND,-33.490979,-70.65737609999996,SAN MIGUEL
661,LA BOTICA ITALIA,-33.4468525,-70.62719529999998,PROVIDENCIA
662,AHUMADA,-33.4760865,-70.5431413,PENALOLEN
663,OMEGA,-33.563826509613335,-70.58495425714722,LA FLORIDA
664,CRUZ VERDE,-33.4095335,-70.56735229999998,LAS CONDES
665,KNOP,-33.347631,-70.67041919999997,HUECHURABA
666,JUMBO EL LLANO J513,-33.4867883,-70.6508589,SAN MIGUEL
667,CRUZ VERDE,-33.5188712,-70.60087490000001,LA FLORIDA
668,SALCOBRAND,-33.4188645,-70.5721916,LAS CONDES
669,FARMATOTAL,-33.4311642,-70.61627720000001,PROVIDENCIA
670,JUMBO,-33.4880184,-70.55667590000002,PENALOLEN
671,CRUZ VERDE,-33.4390756,-70.6157943,PROVIDENCIA
672,SALCOBRAND,-33.41556420881637,-70.53952902380371,LAS CONDES
673,CRUZ VERDE,-33.6255747,-70.78146199999998,CALERA DE TANGO
674,SALCOBRAND,-33.44121699999999,-70.75415120000002,QUILICURA
675,IBIZA,-33.5562226,-70.79314369999997,MAIPU
676,SAINT GERMAIN,-33.4747329,-70.74887469999999,MAIPU
677,DEL CARMEN,-33.5168493,-70.76353879999999,MAIPU
678,SALCOBRAND,-33.204695,-70.676266,COLINA
679,AHUMADA,-33.518401,-70.599124,LA FLORIDA
680,ISLEiEEA,-33.753996,-70.902434,ISLA DE MAIPO
681,DiEEAZ,-33.443623,-70.723448,LO PRADO
682,AHUMADA,-33.518400,-70.599123,LA FLORIDA
683,AHUMADA,-33.455672,-70.58563,NUNOA
684,AHUMADA,-33.44317,-70.649064,SANTIAGO
685,AHUMADA,-33.734141,-70.749025,BUIN
686,AHUMADA,-33.397305,-70.761807,RENCA
687,AHUMADA,-33.418056,-70.607297,PROVIDENCIA
688,FARMAMARKET,-33.601279,-70.860642,PENAFLOR
689,SOLUFAR,-33.491755,-70.714808,CERRILLOS
690,VALVIC,-33.565517,-70.799506,PADRE HURTADO
691,BELEN,-33.444749,-70.754041,PUDAHUEL
692,MEDICAL STORES,-33.448542,-70.842990,PUDAHUEL
693,SU SALUD,-33.452457,-70.663262,SANTIAGO
694,LEMBACH,-33.207506,-70.678188,COLINA
695,DEL DR. SIMI,-33.424567,-70.654489,INDEPENDENCIA
696,CRUZ VERDE,-33.415884,-70.539431,LAS CONDES
697,CRUZ VERDE,-33.364142,-70.679158,HUECHURABA
698,SALCOBRAND,-33.482241,-70.599307,MACUL
699,CRUZ VERDE,-33.669991,-70.940531,TALAGANTE
700,DEL DR. SIMI,-33.535352,-70.572471,LA FLORIDA
701,DEL CARMEN,-33.509706,-70.758947,MAIPU
702,CRUZ VERDE,-33.517344,-70.716387,CERRILLOS
703,FARMATOP,-33.563030,-70.796775,PADRE HURTADO
704,ECONOFARMA,-33.395043,-70657935,CONCHALI
705,CRUZ VERDE,-33.374177,-70.718153,QUILICURA
706,HERRERA,-33.612546,-70.573888,PUENTE ALTO
707,JUMBO MAIPU,-33.479687,-70.752152,MAIPU
708,DEL DR. SIMI,-33.516661,-70.599949,LA FLORIDA
709,DEL DR. SIMI,-33.454507,-70.679502,ESTACION CENTRAL
710,CRUZ VERDE,-33.608667,-70.856258,PENAFLOR
711,CRUZ VERDE,-33.398752,-70.598584,VITACURA
712,DEL DR. SIMI,-33.437929,-70.636741,SANTIAGO
713,SALCOBRAND,-33.207196,-70.666266,COLINA
